,ENODEB,CELL,RATE_RRC,RATE_ERAB,RATE_RADIO,HO_INTRA,HO,DROP_RATE,DL_PRB_AVG_RATE,MAX_USERS,UL_INTERFERENCE_AVG_PRB,TRAFFIC,CLUSTER
0,EEIF,4485,99.673,100.0,99.673,89.583,92.248,0.342,5.64,13.0,-119.0,66.617,0
1,GBHG,6176,100.0,100.0,100.0,100.0,100.0,0.0,6.992000000000001,27.0,-119.0,79.185,0
2,GAGC,9092,99.81,99.878,99.688,100.0,100.0,0.0,8.338,30.0,-119.0,192.942,0
3,EBIB,4181,99.96,99.928,99.888,98.967,98.077,0.134,56.424,184.0,-112.0,724.2629999999999,1
4,HFBE,7514,100.0,100.0,100.0,98.585,98.634,0.13699999999999998,25.609,114.0,-112.0,379.319,1
5,HIDB,7831,99.78,100.0,99.78,89.091,97.65,0.505,52.105,81.0,-111.0,683.605,1
6,DHHG,3779,100.0,100.0,100.0,93.103,94.545,0.292,7.636,17.0,-119.0,184.49200000000002,0
7,EBHC,4172,100.0,100.0,100.0,100.0,100.0,0.0,8.2,24.0,-119.0,111.783,0
8,HGAI,7908,100.0,100.0,100.0,100.0,100.0,0.188,10.11,22.0,-119.0,281.971,0
9,EHGD,4763,99.92,99.964,99.883,98.128,96.614,0.229,45.06800000000001,90.0,-112.0,507.01700000000005,1
10,EAAD,4003,99.931,100.0,99.931,100.0,100.0,0.0,19.873,51.0,-113.0,327.255,0
11,IFIF,8585,99.855,100.0,99.855,84.615,98.408,0.22,59.74800000000001,74.0,-111.0,844.96,1
12,HIBG,7819,100.0,100.0,100.0,88.764,93.007,0.0,8.193999999999999,16.0,-119.0,216.703,0
13,HCID,7283,100.0,100.0,100.0,90.0,99.699,0.163,6.046,24.0,-119.0,53.553999999999995,0
14,FFFA,5550,99.576,100.0,99.576,98.361,98.361,0.0,8.264,21.0,-119.0,219.76600000000002,0
15,HBGF,7195,99.913,100.0,99.913,97.15,97.112,0.145,61.692,76.0,-112.0,620.719,1
16,EGBH,4617,99.937,100.0,99.937,99.38,99.265,0.064,19.489,54.0,-112.0,345.762,0
17,GHDI,6738,99.208,100.0,99.208,96.104,97.293,0.6509999999999999,38.729,72.0,-111.0,499.535,1
18,GBGA,9190,99.64,100.0,99.64,92.5,96.512,0.0,6.778,13.0,-119.0,127.827,0
19,BFEC,1542,99.816,99.859,99.675,100.0,100.0,0.0,7.9,27.0,-119.0,83.35,0
20,GBDA,6130,99.479,99.751,99.232,97.917,97.917,0.177,10.906,27.0,-119.0,321.515,0
21,EGBC,4912,99.873,100.0,99.873,97.035,97.78,0.139,49.756,86.0,-112.0,627.497,1
22,IDGG,8399,99.933,100.0,99.933,99.542,99.601,0.067,21.441,50.0,-113.0,324.51700000000005,0
23,HGHF,7675,99.83,100.0,99.83,98.438,97.783,0.199,28.326,81.0,-112.0,428.91900000000004,1
24,CAEG,2049,100.0,100.0,100.0,100.0,100.0,0.0,8.107999999999999,14.0,-119.0,122.267,0
25,HGGE,7964,100.0,99.86,99.86,100.0,100.0,0.17800000000000002,11.16,23.0,-119.0,126.526,0
26,GDCF,9325,99.799,100.0,99.799,100.0,100.0,0.0,9.784,24.0,-119.0,329.587,0
27,CHGG,2766,99.917,100.0,99.917,98.309,98.27,0.091,55.877,143.0,-112.0,579.1689999999998,1
28,FIAC,5802,100.0,100.0,100.0,98.515,97.908,0.0,24.699,185.0,-113.0,359.543,1
29,CGCG,2626,99.957,99.96,99.917,98.507,98.279,0.635,38.929,89.0,-112.0,541.778,1
30,GFFB,6551,100.0,100.0,100.0,89.655,92.0,0.0,9.594,16.0,-119.0,188.9,0
31,IFDH,8537,99.839,100.0,99.839,94.444,99.085,0.327,13.6,29.0,-119.0,222.543,0
32,EFCH,4527,99.638,100.0,99.638,97.959,97.959,0.0,9.788,23.0,-119.0,287.252,0
33,GFIC,6582,99.961,100.0,99.961,99.2,98.257,0.267,71.771,240.0,-112.0,761.6089999999999,1
34,EIGH,4897,100.0,100.0,100.0,96.552,96.89,0.0,23.651,184.0,-113.0,377.08200000000005,1
35,GBGG,9196,99.828,100.0,99.828,96.923,97.361,0.246,31.966,77.0,-112.0,366.045,1
36,BCIG,1286,100.0,100.0,100.0,88.235,92.105,0.0,6.892,12.0,-119.0,123.343,0
37,BDGE,1364,100.0,100.0,100.0,94.872,99.512,0.0,12.81,24.0,-119.0,237.378,0
38,HIGB,7891,99.822,100.0,99.822,100.0,100.0,0.0,9.976,27.0,-119.0,305.043,0
39,GCED,9243,99.834,100.0,99.834,98.066,98.107,0.18600000000000005,70.585,93.0,-112.0,878.9960000000001,1
40,FGCG,5929,100.0,100.0,100.0,98.98,99.113,0.0,27.997,45.0,-113.0,395.509,0
41,GBBB,9111,99.761,100.0,99.761,95.455,97.469,0.433,34.048,73.0,-112.0,530.597,1
42,IGBA,8910,100.0,100.0,100.0,97.196,97.638,0.0,6.1160000000000005,12.0,-119.0,116.22500000000001,0
43,GACE,9024,99.834,100.0,99.834,99.029,99.567,0.0,14.138,26.0,-119.0,205.243,0
44,GIGC,9892,99.857,100.0,99.857,92.308,92.308,0.0,12.962,37.0,-119.0,508.403,0
45,CHGB,2761,99.865,100.0,99.865,99.518,97.617,0.257,74.385,156.0,-112.0,823.2299999999999,1
46,DFFB,3551,100.0,100.0,100.0,96.875,96.899,0.139,22.477,178.0,-113.0,445.78499999999997,1
47,BCAA,1200,99.651,100.0,99.651,100.0,97.376,0.395,37.674,71.0,-112.0,595.084,1
48,DHGB,3761,100.0,100.0,100.0,97.561,98.198,0.0,7.496,12.0,-119.0,141.477,0
49,GAAG,9006,100.0,100.0,100.0,100.0,100.0,0.166,11.364,27.0,-119.0,183.19299999999996,0
50,IEHA,8470,99.813,100.0,99.813,97.727,97.727,0.0,13.836,26.0,-119.0,582.2929999999999,0
51,GHFC,9752,99.87,100.0,99.87,98.779,98.1,0.244,70.119,103.0,-112.0,729.527,1
52,BCGH,1267,100.0,99.953,99.953,99.048,98.922,0.06,20.109,88.0,-112.0,283.238,0
53,HABD,7013,99.951,100.0,99.951,97.03,97.902,0.484,27.926,73.0,-111.0,341.812,1
54,EDEE,4344,100.0,100.0,100.0,97.222,98.214,0.0,12.505999999999998,15.0,-119.0,206.676,0
55,ICGF,8265,100.0,100.0,100.0,100.0,100.0,0.0,12.786,30.0,-119.0,209.70000000000002,0
56,DEBB,3411,100.0,99.877,99.877,100.0,100.0,0.0,10.464,28.0,-119.0,331.019,0
57,DFFF,3555,100.0,100.0,100.0,99.391,98.055,0.209,55.827,192.0,-112.0,588.783,1
58,GHGB,9761,99.848,100.0,99.848,99.417,99.193,0.263,23.612,229.0,-113.0,361.50199999999995,1
59,HDHA,7370,99.597,100.0,99.597,96.61,98.29,0.166,43.602,71.0,-112.0,583.931,1
60,IIBG,8819,100.0,100.0,100.0,95.161,95.775,0.0,10.156,15.0,-119.0,187.977,0
61,BACA,1020,100.0,100.0,100.0,97.059,99.678,0.177,15.34,26.0,-119.0,285.021,0
62,EFBE,4514,99.871,100.0,99.871,100.0,100.0,0.0,12.236,32.0,-119.0,376.377,0
63,DBAI,3108,99.921,99.966,99.887,99.843,98.958,0.261,56.382,137.0,-112.0,507.172,1
64,DDFB,3351,100.0,100.0,100.0,99.868,99.874,0.0,34.071,95.0,-112.0,489.383,1
65,GHGE,9764,99.504,100.0,99.504,100.0,97.776,0.329,29.396,73.0,-111.0,413.29600000000005,1
66,FEFB,5451,99.64,100.0,99.64,88.0,88.889,0.3720000000000001,4.698,13.0,-119.0,53.954,0
67,HADD,7033,100.0,100.0,100.0,98.246,99.593,0.35,21.052,33.0,-119.0,484.806,0
68,BHHF,1775,99.449,99.807,99.257,95.455,95.455,0.0,10.148,38.0,-119.0,336.98,0
69,IEBD,8413,99.798,99.964,99.762,99.289,98.94,0.221,56.398,220.0,-112.0,536.223,1
70,BGEB,1941,99.955,100.0,99.955,99.341,99.051,0.274,42.192,228.0,-112.0,635.219,1
71,GGEG,6946,99.281,99.904,99.186,100.0,96.437,0.342,29.368,74.0,-112.0,422.251,1
72,CBGA,2190,100.0,100.0,100.0,91.129,92.414,0.0,6.33,15.0,-119.0,38.283,0
73,CGFB,2951,100.0,100.0,100.0,100.0,100.0,0.0,13.94,28.0,-119.0,217.918,0
74,HIBB,7811,99.896,100.0,99.896,100.0,100.0,0.0,10.925999999999998,45.0,-119.0,373.14300000000003,0
75,GGEI,6948,99.922,100.0,99.922,99.614,98.995,0.425,65.589,223.0,-112.0,574.1080000000001,1
76,EGGE,4664,100.0,100.0,100.0,99.134,98.29,0.118,35.015,254.0,-113.0,692.7529999999999,1
77,ECBF,4215,99.952,100.0,99.952,100.0,97.797,0.268,37.921,77.0,-113.0,541.117,1
78,IIGA,8890,99.728,100.0,99.728,90.11,92.174,0.0,6.364,15.0,-119.0,66.053,0
79,CGIB,2681,99.84,100.0,99.84,98.958,99.696,0.0,17.172,30.0,-119.0,281.239,0
80,GFCG,9526,99.212,100.0,99.212,98.876,98.876,0.196,15.204,42.0,-119.0,552.7470000000001,0
81,HFDG,7539,99.868,99.962,99.83,99.499,97.614,0.18600000000000005,63.448,113.0,-112.0,515.022,1
82,HEGI,7498,100.0,100.0,100.0,98.911,98.966,0.079,51.507,89.0,-112.0,861.912,1
83,EEIA,4480,99.83,99.947,99.777,98.601,97.94,0.249,55.137,74.0,-112.0,933.0020000000001,1
84,CGGA,2990,99.392,100.0,99.392,88.889,90.58,0.0,11.658,16.0,-119.0,170.10300000000004,0
85,FGDH,5937,100.0,100.0,100.0,100.0,100.0,0.0,28.598000000000006,29.0,-119.0,606.772,0
86,FCBA,5210,99.8,99.725,99.526,99.02,99.02,0.0,19.616,47.0,-119.0,650.531,0
87,CGDD,2933,99.906,100.0,99.906,99.468,98.181,0.29600000000000004,74.936,112.0,-111.0,714.068,1
88,IABC,8012,99.958,100.0,99.958,99.011,99.067,0.085,60.214,90.0,-112.0,937.77,1
89,DBIB,3181,99.58,100.0,99.58,98.611,98.07,0.332,41.018,73.0,-112.0,607.207,1
90,EBAB,4101,99.676,100.0,99.676,97.561,97.778,0.0,14.37,20.0,-119.0,292.477,0
91,CEGA,2460,100.0,100.0,100.0,100.0,99.716,0.0,14.752,26.0,-119.0,206.263,0
92,IIED,8843,99.795,100.0,99.795,100.0,100.0,0.0,13.884,47.0,-119.0,341.111,0
93,IGGD,8693,99.656,99.962,99.618,97.809,97.688,0.189,65.01,166.0,-112.0,615.393,1
94,FFAG,5506,99.214,100.0,99.214,97.83,97.828,0.045,56.242,191.0,-111.0,872.346,1
95,BIDD,1833,99.708,100.0,99.708,99.145,96.419,0.393,42.826,69.0,-112.0,592.47,1
96,BBEI,1148,99.618,100.0,99.618,91.111,91.667,0.382,9.656,16.0,-119.0,101.703,0
97,EDBG,4316,100.0,100.0,100.0,100.0,100.0,0.14800000000000002,17.276,28.0,-119.0,330.173,0
98,EHII,4788,99.678,100.0,99.678,97.778,97.778,0.0,10.636,40.0,-119.0,275.56800000000004,0
99,HHID,7783,99.82,100.0,99.82,99.367,98.841,0.198,74.859,214.0,-112.0,768.024,1
100,DAEE,3044,99.826,100.0,99.826,99.165,99.151,0.0,38.431,160.0,-111.0,620.514,1
101,BGEG,1946,99.94,100.0,99.94,97.895,98.369,0.327,43.949,70.0,-112.0,556.436,1
102,BHHD,1773,100.0,100.0,100.0,91.111,91.667,0.0,7.778,13.0,-119.0,103.074,0
103,GHCC,9722,100.0,100.0,100.0,98.485,99.654,0.0,15.03,28.0,-119.0,264.434,0
104,GGAB,6901,100.0,99.915,99.915,100.0,100.0,0.0,21.184,39.0,-119.0,675.202,0
105,FEDB,5431,99.778,99.961,99.739,98.67,98.407,0.14800000000000002,69.222,132.0,-113.0,739.136,1
106,GHEC,6742,100.0,100.0,100.0,97.581,97.778,0.0,41.113,159.0,-111.0,675.241,1
107,EDGE,4364,99.701,100.0,99.701,97.087,97.991,0.452,46.155,69.0,-113.0,602.178,1
108,FEBB,5411,99.587,100.0,99.587,90.909,92.405,0.0,10.15,15.0,-119.0,161.52300000000005,0
109,GBHA,6170,99.713,100.0,99.713,100.0,99.598,0.0,15.0,29.0,-119.0,270.212,0
110,DGAG,3909,99.869,99.796,99.665,100.0,100.0,0.0,15.21,35.0,-119.0,321.001,0
111,HHDC,7732,99.724,100.0,99.724,98.841,98.211,0.151,74.292,147.0,-112.0,717.484,1
112,GGAH,6907,99.949,100.0,99.949,96.463,97.19,0.206,33.708,248.0,-112.0,522.203,1
113,FEAA,5400,99.717,100.0,99.717,97.521,97.33,0.3670000000000001,34.457,71.0,-113.0,496.221,1
114,DGBF,3915,100.0,100.0,100.0,92.958,93.671,0.0,11.666,12.0,-119.0,168.789,0
115,HDGF,7365,100.0,100.0,100.0,100.0,100.0,0.0,15.72,27.0,-119.0,271.579,0
116,GEBA,9410,99.855,100.0,99.855,100.0,100.0,0.0,9.86,34.0,-119.0,214.082,0
117,GCGH,6297,99.949,100.0,99.949,98.88,97.889,0.219,73.36,181.0,-111.0,672.042,1
118,HGFB,7951,100.0,100.0,100.0,97.094,97.686,0.161,25.383000000000006,174.0,-112.0,442.79200000000003,1
119,CFGE,2564,99.51,99.953,99.463,98.837,97.926,0.175,47.465,73.0,-113.0,713.256,1
120,HEHB,7471,99.606,100.0,99.606,83.582,87.209,0.0,9.378,14.0,-119.0,166.963,0
121,GHBG,9716,100.0,100.0,100.0,97.778,99.588,0.0,51.722,27.0,-119.0,1146.308,1
122,EAIC,4082,100.0,100.0,100.0,100.0,100.0,0.0,11.858,31.0,-119.0,325.05899999999997,0
123,FGGI,5998,100.0,100.0,100.0,98.608,96.85,0.0,76.408,96.0,-111.0,846.728,1
124,CIIG,2886,100.0,100.0,100.0,100.0,100.0,0.062,27.002,61.0,-112.0,573.5210000000001,1
125,BBIG,1186,99.684,100.0,99.684,94.231,97.887,0.056,56.165,79.0,-112.0,1023.257,1
126,EBGD,4163,100.0,100.0,100.0,84.211,85.484,0.0,10.348,19.0,-119.0,230.63099999999997,0
127,GFGE,9594,99.829,100.0,99.829,100.0,100.0,0.0,34.57,25.0,-119.0,741.324,0
128,IGDA,8930,100.0,100.0,100.0,96.875,96.875,0.0,14.422,32.0,-119.0,606.514,0
129,CICC,2822,99.86,100.0,99.86,98.071,97.044,0.101,77.36399999999998,86.0,-112.0,919.2770000000002,1
130,GFHA,6570,100.0,100.0,100.0,98.011,98.263,0.0,31.203000000000007,56.0,-113.0,698.839,1
131,FEAE,5404,98.988,100.0,98.988,98.374,97.543,0.23,62.227,71.0,-112.0,895.7239999999999,1
132,EIDI,4838,100.0,100.0,100.0,82.759,85.227,0.345,10.214,16.0,-119.0,183.778,0
133,CFDC,2532,99.424,100.0,99.424,100.0,100.0,0.0,10.862,23.0,-119.0,159.957,0
134,GFHD,6573,100.0,100.0,100.0,100.0,100.0,0.0,10.73,30.0,-119.0,373.612,0
135,CECH,2427,99.856,100.0,99.856,99.755,97.555,0.155,58.803,79.0,-113.0,574.115,1
136,BBCA,1120,100.0,100.0,100.0,98.026,98.246,0.0,29.549,52.0,-113.0,563.405,1
137,GABC,6012,99.763,100.0,99.763,97.872,97.422,0.379,69.896,66.0,-112.0,1184.102,1
138,DGAC,3902,100.0,100.0,100.0,91.25,93.75,0.0,12.06,15.0,-119.0,326.836,0
139,FEGE,5494,99.755,100.0,99.755,100.0,100.0,0.248,21.788,26.0,-119.0,486.448,0
140,GDGB,9361,100.0,100.0,100.0,100.0,100.0,0.0,10.024,28.0,-119.0,312.974,0
141,CICG,2829,99.713,99.96,99.673,97.865,97.161,1.131,47.432,287.0,-112.0,492.221,1
142,IIGG,8899,98.479,100.0,98.479,97.782,97.872,0.065,35.005,114.0,-112.0,719.1279999999999,1
143,BGAE,1604,99.404,100.0,99.404,97.895,98.59,0.127,44.088,70.0,-112.0,774.1060000000002,1
144,IGEG,8649,100.0,100.0,100.0,83.544,86.022,0.0,7.806,15.0,-119.0,163.274,0
145,GGDH,6637,100.0,100.0,100.0,100.0,100.0,0.0,12.736,26.0,-119.0,180.14000000000001,0
146,IAFE,8054,99.812,100.0,99.812,97.5,97.5,0.0,8.64,26.0,-119.0,173.28899999999996,0
147,FCHF,5275,99.953,100.0,99.953,98.804,98.453,0.103,44.627,315.0,-112.0,412.808,1
148,GCGC,6292,100.0,100.0,100.0,99.582,99.493,0.0,19.279,183.0,-112.0,325.224,1
149,FHEC,5742,99.754,100.0,99.754,97.59,97.865,0.333,40.856,63.0,-112.0,528.417,1
150,CCBD,2213,100.0,100.0,100.0,85.246,86.957,0.0,11.972,13.0,-119.0,399.15,0
151,BCGE,1294,100.0,100.0,100.0,100.0,100.0,0.0,15.138,22.0,-119.0,313.76700000000005,0
152,FEFA,5450,99.813,99.707,99.52,98.958,98.958,0.0,8.646,28.0,-119.0,170.302,0
153,GFAI,9508,100.0,100.0,100.0,99.318,98.606,0.053,51.255,81.0,-112.0,677.435,1
154,BCAG,1209,100.0,100.0,100.0,99.577,99.61,0.0,20.084,49.0,-112.0,435.239,0
155,ECBC,4212,99.759,100.0,99.759,97.959,95.409,0.32299999999999995,47.04600000000001,67.0,-112.0,610.2860000000001,1
156,IIBC,8812,99.611,100.0,99.611,88.506,90.196,0.0,6.206,18.0,-119.0,100.096,0
157,GHBF,9715,100.0,100.0,100.0,100.0,100.0,0.0,11.702,25.0,-119.0,203.341,0
158,FHDG,5739,99.819,99.118,98.938,100.0,100.0,0.0,7.78,22.0,-119.0,188.84900000000002,0
159,EGBF,4915,99.95,100.0,99.95,94.633,96.508,0.268,64.185,89.0,-113.0,864.049,1
160,FEAI,5408,100.0,99.898,99.898,99.73,99.772,0.136,15.627,53.0,-112.0,363.515,0
161,IDIG,8386,100.0,100.0,100.0,100.0,94.853,0.257,41.326,65.0,-112.0,456.20200000000006,1
162,BBAG,1109,100.0,100.0,100.0,93.548,94.595,0.0,7.272,14.0,-119.0,127.343,0
163,GCAD,9203,100.0,99.529,99.529,100.0,100.0,0.0,9.812,27.0,-119.0,144.259,0
164,BCFA,1250,99.823,99.861,99.684,98.765,98.765,0.0,5.8,21.0,-119.0,81.799,0
165,HFFG,7559,99.911,100.0,99.911,97.95,98.382,0.438,53.804,231.0,-112.0,660.159,1
166,IGFF,8655,100.0,100.0,100.0,98.485,98.628,0.068,19.509,129.0,-112.0,375.96299999999997,1
167,EDFD,4353,99.817,99.894,99.71,89.412,95.652,0.479,31.239,57.0,-111.0,285.33900000000006,1
168,EBDD,4133,100.0,100.0,100.0,91.304,92.857,0.0,4.164,11.0,-119.0,24.728,0
169,FCDG,5236,99.505,100.0,99.505,97.674,99.573,0.245,9.328,23.0,-119.0,105.59,0
170,FAIA,5080,100.0,99.878,99.878,100.0,100.0,0.0,8.914,27.0,-119.0,313.44500000000005,0
171,IAGB,8091,99.909,100.0,99.909,97.283,98.06,0.297,48.372,115.0,-112.0,506.484,1
172,GGAI,9608,100.0,100.0,100.0,99.181,99.135,0.265,20.331,102.0,-111.0,291.879,1
173,GEHA,9470,99.89,100.0,99.89,96.667,96.415,0.239,57.0,71.0,-112.0,548.883,1
174,GCDE,6234,99.655,100.0,99.655,97.297,98.148,0.0,8.582,12.0,-119.0,135.302,0
175,HGCC,7622,99.784,99.813,99.597,100.0,100.0,0.0,7.88,23.0,-119.0,94.82000000000001,0
176,BGGA,1990,99.831,100.0,99.831,100.0,100.0,0.0,8.416,26.0,-119.0,209.12800000000001,0
177,GHGI,9768,100.0,100.0,100.0,99.322,98.865,0.248,58.845,88.0,-113.0,554.131,1
178,HGFG,7956,99.934,100.0,99.934,98.966,98.943,0.133,25.582,55.0,-113.0,403.68399999999997,1
179,ICEF,8245,99.742,100.0,99.742,98.913,96.249,0.173,50.58,67.0,-113.0,427.6160000000001,1
180,DCDD,3233,100.0,100.0,100.0,90.164,91.429,0.0,7.026,13.0,-119.0,71.30499999999999,0
181,GCCG,9226,100.0,100.0,100.0,100.0,100.0,0.0,8.1,27.0,-119.0,105.625,0
182,HBHD,7173,99.485,99.869,99.354,100.0,100.0,0.0,8.13,29.0,-119.0,196.709,0
183,ICFG,8259,99.952,100.0,99.952,99.332,98.799,0.052000000000000005,62.093,92.0,-113.0,613.105,1
184,IFGC,8562,100.0,100.0,100.0,99.468,99.499,0.146,34.425,51.0,-112.0,479.353,1
185,ICED,8243,99.949,100.0,99.949,98.936,96.215,0.335,53.058,68.0,-112.0,634.338,1
186,IBGF,8165,99.628,100.0,99.628,90.476,91.837,0.0,5.44,11.0,-119.0,35.396,0
187,EBCC,4122,99.778,100.0,99.778,100.0,100.0,0.0,13.958,23.0,-119.0,212.37699999999998,0
188,GBCD,9123,100.0,99.812,99.812,95.238,95.238,0.0,14.786,40.0,-119.0,510.593,0
189,DCDI,3238,99.951,99.956,99.908,96.467,97.201,0.214,70.807,212.0,-113.0,656.65,1
190,ICBC,8212,99.401,100.0,99.401,99.063,98.438,0.938,28.38,318.0,-112.0,547.707,1
191,FBHF,5175,99.841,100.0,99.841,100.0,96.118,0.345,39.435,66.0,-113.0,517.3710000000001,1
192,IGGI,8998,100.0,100.0,100.0,86.154,86.957,0.0,7.15,13.0,-119.0,92.907,0
193,GGEF,9945,100.0,100.0,100.0,100.0,100.0,0.0,9.602,24.0,-119.0,127.28200000000001,0
194,EEID,4483,100.0,100.0,100.0,100.0,100.0,0.0,9.372,30.0,-119.0,209.51700000000002,0
195,GAAI,6008,99.743,100.0,99.743,99.174,97.709,0.225,74.258,95.0,-113.0,761.353,1
196,FGAB,5901,100.0,100.0,100.0,99.353,99.408,0.068,44.999,56.0,-112.0,861.7250000000003,1
197,FHGC,5792,99.798,100.0,99.798,96.629,96.309,0.604,43.924,76.0,-112.0,668.0790000000001,1
198,FCDG,5239,100.0,100.0,100.0,91.379,91.935,0.0,9.15,15.0,-119.0,144.89600000000002,0
199,HDAB,7301,100.0,100.0,100.0,98.75,99.737,0.183,20.45,39.0,-119.0,389.547,0
200,IGGB,8691,99.661,100.0,99.661,100.0,100.0,0.225,15.492,40.0,-119.0,282.528,0
201,IAEG,8049,99.914,100.0,99.914,99.169,99.007,0.192,66.072,182.0,-112.0,669.1139999999999,1
202,ECBA,4210,100.0,100.0,100.0,97.482,97.246,0.242,40.93,180.0,-113.0,671.694,1
203,EAEI,4048,99.839,100.0,99.839,98.45,96.735,0.228,40.423,73.0,-113.0,687.306,1
204,FBDG,5139,100.0,100.0,100.0,90.667,92.632,0.0,7.98,13.0,-119.0,114.271,0
205,DEGA,3460,100.0,100.0,100.0,100.0,100.0,0.0,14.998,35.0,-119.0,286.547,0
206,HGDG,7939,99.871,100.0,99.871,100.0,100.0,0.0,7.754,27.0,-119.0,108.956,0
207,ECEA,4240,99.876,100.0,99.876,99.142,98.871,0.175,64.018,108.0,-113.0,787.0690000000002,1
208,HIDG,7836,100.0,100.0,100.0,99.647,99.664,0.123,25.823,57.0,-113.0,287.618,0
209,EHFB,4751,100.0,100.0,100.0,96.774,98.237,0.189,26.988000000000003,65.0,-112.0,373.64300000000003,1
210,GBGH,6167,99.578,100.0,99.578,86.667,90.323,0.0,6.028,13.0,-119.0,91.207,0
211,FGGE,5964,99.805,99.722,99.527,100.0,100.0,0.0,10.652,25.0,-119.0,152.749,0
212,GFGA,9590,100.0,100.0,100.0,100.0,100.0,0.0,7.542000000000002,32.0,-119.0,121.685,0
213,GIII,9888,99.915,100.0,99.915,99.602,98.517,0.266,56.51600000000001,92.0,-113.0,679.915,1
214,BAHG,1076,100.0,100.0,100.0,99.259,99.315,0.0,31.714,66.0,-113.0,573.248,1
215,HIAG,7809,99.819,100.0,99.819,97.849,97.368,0.131,30.245,63.0,-113.0,410.186,1
216,FBEH,5147,99.278,99.457,98.738,94.737,95.2,0.0,7.802,15.0,-119.0,129.81199999999998,0
217,EFHA,4570,100.0,100.0,100.0,100.0,100.0,0.0,14.83,31.0,-119.0,247.336,0
218,BBAF,1105,99.868,100.0,99.868,100.0,100.0,0.0,7.383999999999999,35.0,-119.0,126.71,0
219,BBFG,1156,99.914,100.0,99.914,99.151,99.055,0.181,53.668,120.0,-112.0,473.83500000000004,1
220,CBDH,2137,99.944,100.0,99.944,99.286,99.318,0.341,38.546,68.0,-111.0,514.952,1
221,CIFD,2853,99.89,100.0,99.89,100.0,98.318,0.295,42.021,70.0,-112.0,649.0880000000001,1
222,EEBH,4417,100.0,100.0,100.0,89.552,90.789,0.0,6.62,15.0,-119.0,174.753,0
223,BFCA,1520,99.815,100.0,99.815,100.0,100.0,0.0,15.878,31.0,-119.0,339.707,0
224,EGHD,4673,100.0,100.0,100.0,100.0,100.0,0.0,10.38,36.0,-119.0,300.736,0
225,IDGE,8364,99.87,100.0,99.87,99.441,98.701,0.138,53.56399999999999,125.0,-112.0,729.904,1
226,CBCI,2128,100.0,100.0,100.0,99.055,98.792,0.054000000000000006,29.694000000000006,141.0,-113.0,849.375,1
227,IGAF,8605,100.0,100.0,100.0,97.196,97.103,0.332,42.68899999999999,73.0,-113.0,576.8389999999999,1
228,CCCE,2224,100.0,100.0,100.0,95.139,95.652,0.271,7.966,19.0,-119.0,138.633,0
229,DFCC,3522,99.808,99.858,99.666,100.0,100.0,0.0,9.288,26.0,-119.0,111.408,0
230,IGGF,8995,99.761,100.0,99.761,98.958,98.958,0.0,8.854,35.0,-119.0,242.16500000000002,0
231,IGCB,8921,99.862,100.0,99.862,99.744,99.215,0.095,65.542,89.0,-112.0,791.999,1
232,GFHD,9573,100.0,100.0,100.0,99.518,99.552,0.276,30.042,71.0,-112.0,483.358,1
233,IGIH,8987,99.787,99.95,99.738,96.748,97.685,0.34700000000000003,51.394,81.0,-112.0,748.5700000000002,1
234,IDBD,8313,100.0,100.0,100.0,87.662,88.415,0.0,10.924,19.0,-119.0,277.74,0
235,HCGE,7294,100.0,100.0,100.0,100.0,100.0,0.0,14.336,28.0,-119.0,244.95499999999998,0
236,BFFG,1559,99.889,100.0,99.889,100.0,100.0,0.0,10.922,46.0,-119.0,234.736,0
237,GDDG,9336,99.908,100.0,99.908,99.926,99.549,0.289,71.542,194.0,-112.0,1129.204,1
238,DGGG,3969,100.0,100.0,100.0,98.996,98.854,0.052000000000000005,23.537,232.0,-111.0,296.961,1
239,EIEG,4846,99.833,100.0,99.833,98.319,97.311,0.179,43.558,71.0,-113.0,646.945,1
240,HCEF,7245,99.435,100.0,99.435,87.611,88.976,0.0,21.066,21.0,-119.0,582.731,0
241,BFIF,1585,99.832,99.873,99.706,100.0,100.0,0.0,12.63,29.0,-119.0,254.757,0
242,GCCG,9229,99.531,100.0,99.531,100.0,100.0,0.114,13.224,49.0,-119.0,387.387,0
243,BHGF,1795,99.867,100.0,99.867,99.31,98.474,0.13699999999999998,67.581,108.0,-112.0,1030.193,1
244,EDGH,4397,100.0,100.0,100.0,99.622,99.564,0.049,35.972,82.0,-111.0,483.582,1
245,CCHB,2271,99.943,100.0,99.943,98.561,98.088,0.17800000000000002,53.524,83.0,-112.0,781.7389999999999,1
246,IBBG,8119,100.0,100.0,100.0,90.476,91.453,0.0,17.468,23.0,-119.0,538.614,0
247,EIGB,4861,99.439,100.0,99.439,100.0,99.476,0.0,21.432,32.0,-119.0,368.056,0
248,GBGG,9199,99.764,100.0,99.764,100.0,100.0,0.0,17.04,42.0,-119.0,392.903,0
249,GAEH,6047,99.915,99.931,99.847,99.289,98.68,1.661,71.07300000000002,310.0,-111.0,909.0759999999998,1
250,CECC,2422,99.138,100.0,99.138,99.464,99.501,0.094,25.726,149.0,-111.0,534.865,1
251,EHGF,4795,99.854,100.0,99.854,96.479,96.505,0.104,59.862,86.0,-113.0,996.302,1
252,GGGC,9992,100.0,100.0,100.0,94.857,95.385,0.61,14.82,21.0,-119.0,276.03000000000003,0
253,EDGI,4368,99.682,99.76,99.443,100.0,100.0,0.0,24.19,35.0,-119.0,368.134,0
254,CADF,2035,99.726,100.0,99.726,100.0,100.0,0.135,10.254,39.0,-119.0,252.768,0
255,CACC,2022,100.0,100.0,100.0,99.572,99.223,0.225,75.747,247.0,-111.0,952.183,1
256,IEIC,8482,100.0,100.0,100.0,98.483,97.949,0.105,29.092,265.0,-111.0,494.694,1
257,FDGA,5390,100.0,100.0,100.0,96.711,96.634,0.103,68.257,98.0,-112.0,1339.0729999999999,1
258,EEGF,4465,99.721,100.0,99.721,89.362,90.0,0.0,12.208,21.0,-119.0,254.38,0
259,BDGG,1369,100.0,99.873,99.873,100.0,99.512,0.0,19.182,32.0,-119.0,314.514,0
260,BGFI,1658,100.0,100.0,100.0,100.0,100.0,0.0,13.54,42.0,-119.0,547.106,0
261,BDBC,1312,100.0,100.0,100.0,99.388,98.844,0.08800000000000001,75.217,161.0,-111.0,883.047,1
262,IGFB,8951,100.0,100.0,100.0,99.38,99.358,0.122,35.912,155.0,-111.0,509.635,1
263,DHHB,3771,100.0,99.871,99.871,96.739,97.485,0.252,75.753,95.0,-112.0,1065.787,1
264,HGGD,7663,100.0,100.0,100.0,88.889,90.278,0.0,9.246,16.0,-119.0,184.45399999999998,0
265,GDHE,9374,100.0,100.0,100.0,100.0,100.0,0.159,17.274,31.0,-119.0,346.2100000000001,0
266,HHBA,7710,99.664,100.0,99.664,100.0,100.0,0.0,11.606,50.0,-119.0,428.196,0
267,IEIB,8481,99.816,100.0,99.816,99.57,98.777,0.139,69.382,306.0,-112.0,783.2379999999999,1
268,HCFG,7259,100.0,100.0,100.0,99.284,99.072,0.126,29.792,215.0,-112.0,502.659,1
269,DIIF,3885,99.753,100.0,99.753,92.793,96.101,0.349,68.931,106.0,-113.0,936.907,1
270,FCBE,5214,99.686,100.0,99.686,86.842,88.372,0.0,11.432,21.0,-119.0,214.512,0
271,FHBE,5714,99.434,100.0,99.434,100.0,100.0,0.0,35.81,41.0,-119.0,787.8879999999999,0
272,BEAH,1407,99.843,100.0,99.843,97.959,97.959,0.0,25.318,39.0,-119.0,676.754,0
273,FGEH,5947,99.913,99.964,99.877,98.736,98.089,0.133,70.028,151.0,-112.0,731.7729999999999,1
274,GDFF,9355,100.0,100.0,100.0,98.802,98.913,0.0,26.564,87.0,-112.0,431.756,1
275,FGDG,5939,99.948,100.0,99.948,95.804,96.58,0.321,72.203,108.0,-112.0,1169.6589999999999,1
276,DHAC,3702,100.0,99.793,99.793,75.0,75.641,0.0,11.382,19.0,-119.0,229.649,0
277,FAGI,5098,99.848,100.0,99.848,100.0,100.0,0.0,56.90600000000001,36.0,-119.0,1576.6080000000002,1
278,ECIF,4285,100.0,100.0,100.0,96.61,96.61,0.0,13.238,34.0,-119.0,350.736,0
279,CCEF,2245,99.905,100.0,99.905,99.294,98.707,0.145,73.36399999999998,110.0,-112.0,759.499,1
280,IGGG,8696,100.0,100.0,100.0,99.439,99.462,0.065,35.4,64.0,-112.0,614.864,1
281,EEGB,4491,100.0,100.0,100.0,88.288,94.038,0.107,73.107,103.0,-112.0,1137.5990000000002,1
282,FGDH,5637,100.0,100.0,100.0,95.122,95.238,0.0,14.81,23.0,-119.0,270.165,0
283,BCIF,1285,100.0,100.0,100.0,100.0,100.0,0.0,31.034,35.0,-119.0,638.4820000000001,0
284,EHFG,4756,100.0,100.0,100.0,100.0,100.0,0.14300000000000002,15.07,36.0,-119.0,339.007,0
285,CDIE,2384,100.0,100.0,100.0,99.326,98.867,0.048,68.71600000000001,117.0,-111.0,736.0690000000001,1
286,HFAI,7508,100.0,100.0,100.0,98.889,98.95,0.078,45.452,120.0,-111.0,559.854,1
287,EGIG,4989,100.0,100.0,100.0,92.381,95.303,0.268,78.191,97.0,-112.0,1320.775,1
288,GADC,6032,99.671,100.0,99.671,87.0,87.85,0.0,9.192,22.0,-119.0,170.726,0
289,FBGB,5161,100.0,100.0,100.0,100.0,100.0,0.0,31.214,37.0,-119.0,656.085,0
290,HEFE,7454,100.0,100.0,100.0,100.0,100.0,0.0,16.948,35.0,-119.0,339.606,0
291,BHIA,1780,99.951,100.0,99.951,99.706,99.679,0.14800000000000002,74.014,171.0,-111.0,958.829,1
292,IEFD,8453,99.92,100.0,99.92,99.44,99.457,0.162,50.81800000000001,95.0,-111.0,609.5600000000001,1
293,BBGF,1195,99.947,100.0,99.947,98.75,95.382,0.217,77.058,102.0,-111.0,1173.993,1
294,BGHG,1976,100.0,100.0,100.0,85.586,86.992,0.0,17.614,23.0,-119.0,479.391,0
295,HHGA,7760,99.845,100.0,99.845,100.0,100.0,0.0,26.9,39.0,-119.0,583.661,0
296,IGEI,8948,99.701,100.0,99.701,97.368,97.368,0.0,16.438,36.0,-119.0,580.088,0
297,GEFD,9453,99.951,100.0,99.951,99.369,99.25,0.152,73.079,224.0,-111.0,857.663,1
298,CADC,2032,99.76,100.0,99.76,98.462,98.428,0.08199999999999999,45.21,123.0,-112.0,696.77,1
299,DGIA,3680,99.833,99.949,99.782,93.137,97.504,0.284,74.153,108.0,-112.0,1072.032,1
300,HBGG,7199,100.0,100.0,100.0,83.838,86.885,0.0,19.106,22.0,-119.0,466.505,0
301,EFAB,4501,100.0,100.0,100.0,100.0,100.0,0.0,20.802,35.0,-119.0,390.31,0
302,CFEH,2547,99.693,99.89,99.583,100.0,100.0,0.152,17.058,39.0,-119.0,527.458,0
303,CBFG,2159,99.894,100.0,99.894,99.559,99.408,0.108,69.21600000000001,194.0,-112.0,710.3349999999999,1
304,GCFB,9251,100.0,100.0,100.0,98.997,98.737,0.161,55.724,176.0,-112.0,882.3570000000001,1
305,EDBE,4314,99.901,100.0,99.901,94.521,97.054,0.101,74.419,105.0,-112.0,1062.448,1
306,FFGC,5562,100.0,100.0,100.0,88.393,89.516,0.265,13.404000000000002,22.0,-119.0,281.468,0
307,DGAG,3606,100.0,100.0,100.0,100.0,100.0,0.0,23.166,36.0,-119.0,494.094,0
308,CGGD,2993,99.848,99.885,99.733,98.148,98.148,0.0,14.034,36.0,-119.0,417.069,0
309,CDGH,2367,99.945,100.0,99.945,99.277,98.463,0.057,73.4,140.0,-112.0,880.0059999999999,1
310,EBID,4183,99.923,100.0,99.923,98.302,98.575,0.155,43.95,123.0,-111.0,806.876,1
311,HBBF,7115,99.78,100.0,99.78,95.506,97.768,0.111,71.631,102.0,-112.0,1193.622,1
312,EECE,4424,100.0,99.784,99.784,91.228,92.126,0.315,10.488,20.0,-119.0,193.768,0
313,GFDD,6533,99.708,100.0,99.708,100.0,100.0,0.0,26.606,43.0,-119.0,635.619,0
314,GAAE,9004,99.824,100.0,99.824,100.0,100.0,0.0,13.064,35.0,-119.0,386.64,0
315,FIAH,5807,100.0,100.0,100.0,99.003,99.005,0.795,73.774,255.0,-112.0,848.6939999999998,1
316,CGHI,2978,100.0,100.0,100.0,98.148,98.176,0.076,43.889,135.0,-112.0,773.3149999999999,1
317,BGIC,1682,100.0,100.0,100.0,94.231,97.594,0.36,77.876,97.0,-112.0,1231.8690000000001,1
318,DIBG,3819,100.0,100.0,100.0,100.0,100.0,0.0,14.132,24.0,-119.0,214.59099999999998,0
319,DIEE,3844,99.847,99.787,99.634,100.0,100.0,0.0,29.57,40.0,-118.0,775.584,0
320,CGFE,2954,100.0,100.0,100.0,100.0,100.0,0.0,10.45,32.0,-119.0,239.033,0
321,CFFF,2555,100.0,100.0,100.0,99.343,99.32,0.24,71.66199999999998,94.0,-111.0,759.068,1
322,CHFE,2754,100.0,100.0,100.0,97.118,97.211,0.187,36.426,50.0,-110.0,636.068,1
323,FGFI,5958,99.948,100.0,99.948,90.123,97.154,0.322,72.725,92.0,-111.0,987.291,1
324,HGBH,7617,100.0,100.0,100.0,100.0,100.0,0.0,7.6320000000000014,19.0,-119.0,111.764,0
325,ECDH,4237,100.0,99.896,99.896,100.0,100.0,0.0,27.244,37.0,-119.0,724.6580000000001,0
326,HEHG,7476,100.0,99.727,99.727,100.0,100.0,0.0,9.326,28.0,-119.0,225.108,0
327,GEBG,9419,99.945,100.0,99.945,100.0,99.812,0.055,66.637,93.0,-112.0,766.985,1
328,CGGE,2664,99.91,100.0,99.91,98.416,98.451,0.182,36.4,54.0,-111.0,742.683,1
329,HIHH,7877,99.947,100.0,99.947,94.521,97.772,0.162,63.217,86.0,-111.0,940.135,1
330,IFEG,8549,100.0,100.0,100.0,100.0,100.0,0.0,10.126,20.0,-119.0,196.77,0
331,FEIB,5481,99.731,100.0,99.731,98.684,99.301,0.0,18.85,34.0,-119.0,384.54200000000003,0
332,GDGG,9399,100.0,100.0,100.0,95.238,95.238,0.0,9.046,32.0,-119.0,230.902,0
333,FFCG,5529,99.89,100.0,99.89,98.305,98.708,0.0,61.497,169.0,-113.0,762.547,1
334,IHFE,8754,99.91,100.0,99.91,92.49,93.75,0.0,34.54,161.0,-112.0,771.785,1
335,CHEE,2744,100.0,99.903,99.903,85.484,96.488,0.058,76.643,75.0,-112.0,1062.302,1
336,FGIA,5680,99.695,100.0,99.695,100.0,100.0,0.0,9.512,18.0,-119.0,134.993,0
337,GFGB,6591,99.846,99.89,99.737,100.0,100.0,0.0,20.594,34.0,-119.0,399.61199999999997,0
338,EHCH,4727,100.0,100.0,100.0,100.0,100.0,0.0,8.562000000000001,21.0,-119.0,211.67999999999998,0
339,IFFG,8559,100.0,100.0,100.0,99.823,99.653,0.171,46.2,76.0,-113.0,584.838,1
340,GCBH,6217,99.912,100.0,99.912,99.826,99.83,0.0,37.337,53.0,-113.0,1002.674,1
341,BADI,1038,99.536,99.955,99.492,82.5,95.514,0.106,54.559,72.0,-113.0,749.1460000000001,1
342,GDEG,6346,100.0,100.0,100.0,86.923,87.121,0.0,9.168,14.0,-119.0,139.752,0
343,FGIA,5980,99.844,100.0,99.844,100.0,100.0,0.0,14.018,26.0,-119.0,296.274,0
344,IAEG,8046,100.0,100.0,100.0,100.0,100.0,0.0,8.144,24.0,-119.0,244.759,0
345,FHFG,5759,100.0,100.0,100.0,100.0,99.844,0.113,46.347,79.0,-113.0,539.088,1
346,BBHG,1176,100.0,100.0,100.0,99.795,99.798,0.0,28.927,48.0,-114.0,712.811,1
347,FGCA,5620,100.0,99.957,99.957,95.522,97.697,0.053,42.905,73.0,-113.0,492.593,1
348,DABG,3016,100.0,100.0,100.0,87.037,88.333,0.0,10.918,12.0,-119.0,176.36399999999998,0
349,DGGH,3967,100.0,99.866,99.866,100.0,100.0,0.0,11.425999999999998,23.0,-119.0,260.357,0
350,FCCA,5220,99.511,99.83,99.341,96.429,96.429,0.0,5.9,19.0,-119.0,123.974,0
351,GADD,6033,99.763,100.0,99.763,99.308,99.336,0.06,34.623000000000005,63.0,-113.0,509.902,1
352,CHAG,2709,100.0,100.0,100.0,99.342,99.08,0.102,28.991,43.0,-114.0,846.738,1
353,BDAC,1302,99.903,100.0,99.903,94.565,98.263,0.101,33.893,74.0,-114.0,566.9939999999999,1
354,BFFF,1555,99.704,100.0,99.704,83.234,83.908,0.0,7.917999999999998,14.0,-119.0,88.844,0
355,CBGG,2199,100.0,100.0,100.0,100.0,100.0,0.0,9.978,29.0,-119.0,197.4,0
356,GGBA,9610,100.0,100.0,100.0,98.165,98.165,0.0,17.352,22.0,-119.0,859.002,0
357,FCGD,5293,99.936,100.0,99.936,99.315,99.765,0.064,34.397,61.0,-113.0,447.99100000000004,1
358,GGBG,9916,100.0,100.0,100.0,97.521,97.81,0.0,31.397,42.0,-115.0,705.9700000000001,1
359,FAGD,5063,100.0,100.0,100.0,96.667,97.684,0.113,51.294,65.0,-115.0,904.217,1
360,EHHD,4773,99.642,100.0,99.642,79.07,80.0,0.0,8.412,13.0,-119.0,111.11099999999999,0
361,EGII,4988,99.836,100.0,99.836,100.0,100.0,0.163,9.472,28.0,-119.0,199.73000000000002,0
362,GBBB,6111,100.0,100.0,100.0,100.0,100.0,0.0,9.82,24.0,-119.0,348.148,0
363,BGAB,1601,100.0,100.0,100.0,100.0,99.356,0.112,36.019,152.0,-113.0,331.702,1
364,CDCA,2320,99.767,100.0,99.767,95.614,95.676,0.239,33.679,151.0,-115.0,614.913,1
365,DIIB,3881,100.0,100.0,100.0,96.552,97.81,0.115,27.74,83.0,-114.0,463.123,1
366,BDAB,1301,100.0,100.0,100.0,87.778,89.109,0.0,4.77,14.0,-119.0,54.845,0
367,HGGF,7665,100.0,100.0,100.0,100.0,100.0,0.179,9.052,25.0,-119.0,193.754,0
368,ICHC,8272,99.336,100.0,99.336,100.0,100.0,0.0,6.02,16.0,-119.0,164.37700000000004,0
369,HCHF,7275,99.883,100.0,99.883,100.0,99.907,0.06,32.275,62.0,-114.0,370.47600000000006,0
370,HDDE,7334,99.871,100.0,99.871,99.607,99.612,0.13,17.144000000000002,33.0,-114.0,472.913,0
371,HFAD,7503,100.0,100.0,100.0,96.923,98.378,0.117,30.618,60.0,-115.0,606.14,1
372,IIEC,8842,99.344,100.0,99.344,80.0,81.667,0.329,5.312,15.0,-120.0,71.044,0
373,IBCF,8125,100.0,100.0,100.0,100.0,100.0,0.0,9.702,18.0,-120.0,211.466,0
374,IEGD,8493,99.655,100.0,99.655,100.0,100.0,0.0,8.193999999999999,13.0,-119.0,389.647,0
375,GAHG,9079,100.0,100.0,100.0,99.7,99.292,0.0,35.081,58.0,-115.0,385.98699999999997,0
376,FCFF,5255,100.0,100.0,100.0,100.0,100.0,0.252,12.5,34.0,-115.0,425.23900000000003,0
377,HFGE,7594,99.938,100.0,99.938,96.154,98.626,0.127,41.65,56.0,-115.0,829.172,1
378,GIDC,9832,99.642,100.0,99.642,81.818,82.857,0.0,4.372,12.0,-120.0,100.956,0
379,GHCB,6721,100.0,100.0,100.0,100.0,100.0,0.0,10.678,17.0,-120.0,222.048,0
380,DBFC,3152,100.0,100.0,100.0,100.0,100.0,0.0,3.74,11.0,-120.0,82.596,0
381,EBGG,4166,100.0,100.0,100.0,100.0,98.664,0.0,20.001,55.0,-115.0,239.234,0
382,EHEI,4748,100.0,100.0,100.0,99.686,99.388,0.0,10.236,30.0,-115.0,313.90999999999997,0
383,IIIB,8881,99.936,100.0,99.936,98.214,99.322,0.202,38.427,55.0,-115.0,624.087,1
384,GHCA,6720,100.0,100.0,100.0,66.667,69.048,0.0,6.202000000000001,12.0,-120.0,259.245,0
385,HIHF,7875,100.0,100.0,100.0,100.0,100.0,0.0,5.908,16.0,-120.0,93.33399999999999,0
386,CDFH,2357,100.0,100.0,100.0,100.0,100.0,0.0,3.238,14.0,-120.0,9.492,0
387,FGCG,5629,100.0,100.0,100.0,100.0,99.85,0.127,22.244,55.0,-115.0,301.66700000000003,0
388,GGIH,9687,100.0,100.0,100.0,99.574,99.436,0.0,10.655,34.0,-115.0,261.423,0
389,CFEF,2545,99.627,100.0,99.627,99.5,99.575,0.0,29.212,51.0,-116.0,377.503,0
390,DEHC,3472,99.583,100.0,99.583,86.667,88.889,0.0,5.516,11.0,-119.0,81.32700000000001,0
391,BGFI,1958,99.674,100.0,99.674,100.0,100.0,0.0,4.332,15.0,-120.0,34.28,0
392,DCCG,3229,100.0,100.0,100.0,100.0,100.0,0.0,3.826,13.0,-119.0,10.568999999999999,0
393,FGGG,5699,100.0,100.0,100.0,100.0,99.684,0.0,20.886,46.0,-115.0,299.639,0
394,GGGG,6999,100.0,100.0,100.0,100.0,100.0,0.0,7.297999999999999,30.0,-116.0,170.79799999999994,0
395,GBFC,6152,100.0,100.0,100.0,100.0,99.642,0.0,24.695,50.0,-116.0,335.61800000000005,0
396,BGCI,1928,99.606,100.0,99.606,100.0,100.0,0.0,3.572,12.0,-119.0,13.786,0
397,GIHI,6878,100.0,100.0,100.0,100.0,100.0,0.0,5.644,15.0,-119.0,86.037,0
398,GACA,9020,100.0,100.0,100.0,100.0,100.0,0.0,3.952,11.0,-119.0,63.692,0
399,DDHG,3376,100.0,100.0,100.0,100.0,99.899,0.066,22.373,48.0,-115.0,249.814,0
400,CDAB,2301,100.0,100.0,100.0,99.893,99.894,0.0,6.509,23.0,-116.0,58.61,0
401,CGIG,2686,100.0,100.0,100.0,94.444,98.616,0.067,28.641,50.0,-116.0,408.284,0
402,FFGC,5592,100.0,100.0,100.0,100.0,100.0,0.0,3.756,11.0,-120.0,5.773,0
403,CFGD,2563,100.0,100.0,100.0,100.0,100.0,0.0,4.432,16.0,-120.0,21.117,0
404,BEBI,1418,100.0,100.0,100.0,100.0,100.0,0.0,2.528,10.0,-120.0,1.88,0
405,DBDA,3130,100.0,100.0,100.0,100.0,100.0,0.0,7.346,49.0,-115.0,52.612,0
406,BFIC,1582,100.0,100.0,100.0,100.0,99.763,0.0,4.356,24.0,-116.0,55.45800000000001,0
407,IBAE,8104,99.727,100.0,99.727,100.0,100.0,0.0,25.621,50.0,-116.0,388.036,0
408,GGFE,9954,100.0,100.0,100.0,100.0,100.0,0.0,4.356,13.0,-119.0,39.086,0
409,FGAE,5904,100.0,100.0,100.0,97.56898247663551,100.0,0.0,2.724,12.0,-119.0,3.794,0
410,CIGI,2868,99.531,100.0,99.531,100.0,100.0,0.0,2.536,8.0,-120.0,2.975,0
411,DDDF,3335,100.0,100.0,100.0,99.93,99.933,0.0,9.668,43.0,-115.0,109.688,0
412,CCFD,2253,100.0,100.0,100.0,99.824,99.825,0.0,6.98,28.0,-116.0,147.30599999999998,0
413,ECEG,4249,99.67,99.94,99.611,99.357,99.479,0.0,22.369,47.0,-116.0,372.7030000000001,0
414,EIHI,4878,100.0,100.0,100.0,100.0,100.0,0.0,3.822,12.0,-120.0,6.38,0
415,BGHF,1675,100.0,100.0,100.0,100.0,100.0,0.0,4.042,12.0,-119.0,38.344,0
416,DADI,3038,100.0,100.0,100.0,97.56898247663551,97.89871744186046,0.0,2.704,9.0,-119.0,10.183,0
417,GHCF,9725,100.0,100.0,100.0,100.0,100.0,0.0,6.706,47.0,-115.0,91.755,0
418,CGHE,2674,100.0,100.0,100.0,100.0,100.0,0.0,3.616,27.0,-116.0,17.405,0
419,GGIC,9682,99.935,100.0,99.935,97.701,98.533,0.0,17.173,47.0,-116.0,276.387,0
420,GAGF,6065,100.0,100.0,100.0,80.0,87.5,0.0,3.42,14.0,-120.0,16.781000000000002,0
421,DGGI,3998,99.618,100.0,99.618,100.0,100.0,0.0,4.974,10.0,-119.0,66.399,0
422,BCIB,1281,100.0,100.0,100.0,100.0,100.0,0.0,2.69,10.0,-120.0,10.347000000000001,0
423,DHEB,3741,100.0,100.0,100.0,100.0,100.0,0.0,12.345,43.0,-115.0,225.157,0
424,ICDF,8235,100.0,100.0,100.0,100.0,100.0,0.0,3.364,23.0,-116.0,12.616,0
425,FHAF,5705,100.0,99.884,99.884,99.482,99.586,0.068,27.31,43.0,-116.0,363.80699999999996,0
426,GEDI,6438,100.0,100.0,100.0,100.0,100.0,0.0,2.9360000000000004,9.0,-120.0,8.625,0
427,CAEC,2042,100.0,100.0,100.0,97.56898247663551,100.0,0.0,3.718,9.0,-119.0,38.04900000000001,0
428,DEHG,3479,99.441,100.0,99.441,100.0,100.0,0.0,2.37,8.0,-120.0,1.1600000000000001,0
429,DCIG,3289,100.0,100.0,100.0,99.602,99.661,0.0,4.203,40.0,-116.0,27.842,0
430,HIGF,7865,100.0,100.0,100.0,99.219,99.234,0.0,2.65,22.0,-116.0,4.407,0
431,BDHI,1378,100.0,99.943,99.943,97.561,99.399,0.068,23.505,49.0,-117.0,327.27,0
432,DGBE,3614,100.0,100.0,100.0,100.0,100.0,0.0,3.378,9.0,-119.0,9.441,0
433,BHCD,1723,100.0,100.0,100.0,100.0,100.0,0.0,4.61,12.0,-120.0,53.518,0
434,GIBC,6812,100.0,100.0,100.0,100.0,100.0,0.0,2.652,9.0,-119.0,4.744,0
435,GHAG,6706,100.0,100.0,100.0,99.354,98.92,0.0,4.187,40.0,-116.0,16.37,0
436,IGGC,8662,100.0,100.0,100.0,100.0,100.0,0.0,4.138,27.0,-116.0,28.361,0
437,FABH,5017,100.0,100.0,100.0,96.296,99.094,0.229,21.144,38.0,-117.0,296.885,0
438,EGBA,4910,100.0,100.0,100.0,100.0,100.0,0.0,3.986,10.0,-120.0,9.323,0
439,GIFE,6854,99.642,100.0,99.642,100.0,100.0,0.0,5.528,13.0,-120.0,105.727,0
440,FFGH,5597,100.0,100.0,100.0,100.0,100.0,0.0,3.432,11.0,-120.0,20.729999999999997,0
441,GGIA,6980,100.0,100.0,100.0,98.333,98.347,0.0,4.059,47.0,-116.0,19.595,0
442,HEHD,7473,100.0,100.0,100.0,100.0,100.0,0.0,3.677,27.0,-117.0,20.68,0
443,HEGF,7465,100.0,100.0,100.0,93.75,98.606,0.0,17.735,40.0,-117.0,278.39000000000004,0
444,GBGB,6161,100.0,100.0,100.0,83.333,83.333,0.0,3.306,9.0,-119.0,4.394,0
445,HAED,7043,100.0,100.0,100.0,100.0,100.0,0.0,4.18,14.0,-119.0,41.09,0
446,DBHG,3179,100.0,100.0,100.0,100.0,100.0,0.0,2.658,9.0,-120.0,5.425,0
447,GGII,9988,100.0,100.0,100.0,100.0,100.0,0.0,5.4670000000000005,80.0,-116.0,34.513,0
448,GBEH,6147,100.0,100.0,100.0,100.0,100.0,0.0,3.495,45.0,-116.0,10.798,0
449,DHEC,3742,100.0,100.0,100.0,100.0,99.363,0.0,13.972,42.0,-117.0,225.209,0
450,GBIC,9182,100.0,100.0,100.0,100.0,100.0,0.0,3.33,9.0,-120.0,4.399,0
451,IDGB,8391,100.0,100.0,100.0,100.0,100.0,0.0,4.978,14.0,-120.0,57.976000000000006,0
452,BGCG,1929,99.471,100.0,99.471,100.0,100.0,0.0,2.728,8.0,-120.0,8.518,0
453,GGAH,6607,100.0,100.0,100.0,99.871,99.877,0.0,6.227,52.0,-115.0,61.083,0
454,IBFF,8155,100.0,100.0,100.0,99.878,99.879,0.0,3.888,29.0,-116.0,20.319,0
455,DBEF,3145,100.0,100.0,100.0,96.429,97.628,0.0,14.194,38.0,-117.0,206.671,0
456,EDAD,4303,100.0,100.0,100.0,100.0,100.0,0.0,3.12,9.0,-120.0,3.4010000000000002,0
457,BHHA,1770,99.653,100.0,99.653,100.0,100.0,0.0,3.0,14.0,-119.0,7.318,0
458,IDCB,8321,100.0,100.0,100.0,100.0,100.0,0.0,2.516,8.0,-120.0,2.519,0
459,CADB,2031,100.0,100.0,100.0,99.919,99.767,0.073,4.686,65.0,-115.0,23.991,0
460,FFAE,5504,100.0,100.0,100.0,99.924,99.924,0.147,3.736,32.0,-116.0,21.148,0
461,FGEG,5646,100.0,100.0,100.0,98.438,99.198,0.0,12.929,43.0,-116.0,199.24,0
462,GGGD,6963,100.0,100.0,100.0,100.0,100.0,0.0,2.45,8.0,-120.0,1.333,0
463,IBIF,8185,100.0,100.0,100.0,97.56898247663551,100.0,0.0,2.962,13.0,-120.0,9.001000000000001,0
464,GBDG,6139,100.0,100.0,100.0,97.56898247663551,97.89871744186046,0.0,2.468,9.0,-120.0,2.504,0
465,BHBC,1712,100.0,100.0,100.0,100.0,99.884,0.0,4.592,44.0,-116.0,28.082,0
466,GCFE,9254,100.0,100.0,100.0,99.896,99.898,0.0,2.8110000000000004,42.0,-116.0,9.238,0
467,GGHC,6672,99.93,100.0,99.93,98.225,98.382,0.073,13.271,40.0,-117.0,172.4,0
468,IIHG,8876,100.0,100.0,100.0,100.0,100.0,0.0,2.332,7.0,-119.0,0.9099999999999999,0
469,FFAI,5508,100.0,100.0,100.0,100.0,100.0,0.0,2.612,14.0,-120.0,1.4969999999999999,0
470,DEGE,3464,99.502,100.0,99.502,100.0,100.0,0.0,2.434,8.0,-120.0,1.468,0
471,FGBG,5916,99.928,100.0,99.928,100.0,98.925,0.073,5.573,45.0,-116.0,52.18700000000001,0
472,DIFF,3855,100.0,100.0,100.0,100.0,100.0,0.0,4.061,22.0,-117.0,49.681000000000004,0
473,DIAD,3803,100.0,100.0,100.0,97.714,96.633,0.07,11.978,38.0,-117.0,115.89,0
474,FIGC,5892,100.0,100.0,100.0,0.0,0.0,0.0,2.326,7.0,-120.0,1.093,2
475,DHAI,3708,99.718,100.0,99.718,100.0,100.0,0.0,2.9,11.0,-119.0,8.109,0
476,EDGH,4367,99.487,100.0,99.487,100.0,100.0,0.0,2.454,8.0,-120.0,1.69,0
477,GGBI,6918,100.0,100.0,100.0,99.644,99.536,0.0,5.395,37.0,-116.0,51.828,0
478,HGFA,7650,100.0,100.0,100.0,100.0,100.0,0.0,4.022,30.0,-117.0,56.241000000000014,0
479,GEGG,6499,100.0,100.0,100.0,95.833,97.633,0.0,16.500999999999998,36.0,-117.0,151.98,0
480,GAHG,6079,100.0,100.0,100.0,100.0,100.0,0.0,2.272,7.0,-119.0,0.395,0
481,BCFD,1253,100.0,100.0,100.0,97.56898247663551,100.0,0.0,2.652,13.0,-120.0,4.737,0
482,GGEG,9949,100.0,100.0,100.0,100.0,100.0,0.0,2.414,9.0,-120.0,1.357,0
483,GGGB,6691,100.0,100.0,100.0,100.0,100.0,0.0,5.4110000000000005,113.0,-116.0,38.51499999999999,0
484,BCAB,1201,100.0,100.0,100.0,100.0,100.0,0.0,3.424,66.0,-116.0,22.281,0
485,EAIB,4081,100.0,100.0,100.0,97.436,98.919,0.073,11.616,37.0,-117.0,125.20899999999999,0
486,HAID,7083,100.0,100.0,100.0,100.0,100.0,0.0,2.502,8.0,-120.0,5.059,0
487,BEHA,1470,99.676,100.0,99.676,100.0,100.0,0.0,3.024,13.0,-120.0,7.797999999999999,0
488,BAFD,1053,100.0,100.0,100.0,100.0,100.0,0.0,2.568,11.0,-120.0,2.687,0
489,IBIA,8180,100.0,100.0,100.0,99.485,99.234,0.0,8.206,70.0,-116.0,115.062,0
490,GFGB,6561,100.0,100.0,100.0,100.0,100.0,0.0,3.54,46.0,-116.0,8.39,0
491,HGCG,7929,100.0,100.0,100.0,93.75,98.324,0.0,10.514,40.0,-117.0,138.792,0
492,EFGF,4565,100.0,100.0,100.0,0.0,0.0,0.0,2.572,10.0,-120.0,3.355,2
493,CGDF,2635,100.0,100.0,100.0,100.0,100.0,0.0,2.49,15.0,-120.0,1.334,0
494,GGEG,6949,100.0,100.0,100.0,100.0,100.0,0.0,3.172,10.0,-120.0,16.722,0
495,ICCA,8220,100.0,100.0,100.0,99.733,97.791,0.0,11.919,111.0,-116.0,149.578,0
496,IGBD,8613,100.0,100.0,100.0,98.915,97.905,0.0,3.457,68.0,-117.0,10.909,0
497,CCAC,2202,99.928,100.0,99.928,100.0,98.696,0.151,8.544,39.0,-117.0,121.157,0
498,CADD,2033,100.0,100.0,100.0,100.0,100.0,0.0,2.71,11.0,-120.0,11.405,0
499,EGBA,4610,100.0,100.0,100.0,100.0,100.0,0.0,2.524,11.0,-120.0,1.043,0
500,DAFH,3057,100.0,100.0,100.0,97.56898247663551,97.89871744186046,0.0,2.512,9.0,-120.0,1.652,0
501,CEHF,2475,100.0,100.0,100.0,100.0,96.889,0.0,20.91,38.0,-116.0,296.094,0
502,HHGH,7797,100.0,100.0,100.0,98.361,98.37,0.0,5.28,19.0,-117.0,20.874,0
503,GADH,6037,100.0,100.0,100.0,100.0,100.0,0.0,7.072,33.0,-117.0,86.075,0
504,GGEC,9642,100.0,100.0,100.0,100.0,100.0,0.0,2.988,11.0,-120.0,19.021,0
505,IHFI,8758,100.0,100.0,100.0,100.0,100.0,0.0,2.5780000000000003,13.0,-120.0,1.6600000000000001,0
506,HGEG,7949,100.0,100.0,100.0,100.0,100.0,0.0,2.542,9.0,-120.0,1.702,0
507,BFCG,1526,100.0,100.0,100.0,100.0,99.602,0.0,9.56,179.0,-116.0,126.949,0
508,HAFG,7056,100.0,100.0,100.0,100.0,99.639,0.0,5.657,82.0,-116.0,104.728,0
509,CEFB,2451,100.0,100.0,100.0,100.0,98.755,0.206,6.0070000000000014,41.0,-117.0,128.448,0
510,IGGC,8692,100.0,100.0,100.0,100.0,100.0,0.0,2.71,10.0,-119.0,6.849,0
511,FEAB,5401,100.0,100.0,100.0,100.0,100.0,0.0,2.7880000000000003,12.0,-120.0,4.595,0
512,DDFI,3358,100.0,100.0,100.0,100.0,100.0,0.0,2.77,11.0,-120.0,3.8049999999999997,0
513,BAFB,1051,100.0,100.0,100.0,100.0,98.93,0.0,22.085,43.0,-116.0,271.36899999999997,0
514,FEIA,5480,100.0,100.0,100.0,99.074,99.107,0.0,9.245,24.0,-116.0,175.16,0
515,GAIH,9087,100.0,100.0,100.0,91.111,98.341,0.0,9.636,42.0,-117.0,186.46599999999998,0
516,FHGA,5760,100.0,100.0,100.0,95.0,95.0,0.0,2.524,9.0,-120.0,1.361,0
517,BFDD,1533,100.0,100.0,100.0,100.0,100.0,0.0,3.668,16.0,-119.0,23.549999999999997,0
518,DEID,3483,100.0,100.0,100.0,100.0,100.0,0.0,2.932,12.0,-120.0,9.43,0
519,BEBH,1417,100.0,100.0,100.0,98.507,97.917,0.066,27.994,84.0,-116.0,458.56600000000003,0
520,GGCE,6924,100.0,100.0,100.0,99.07,99.115,0.0,5.706,47.0,-116.0,114.057,0
521,FHGF,5765,100.0,100.0,100.0,97.015,97.523,0.067,11.026,46.0,-117.0,151.07299999999998,0
522,GIFG,9856,100.0,100.0,100.0,97.56898247663551,97.89871744186046,0.0,2.7,11.0,-120.0,2.809,0
523,DGCG,3926,99.772,100.0,99.772,100.0,100.0,0.0,4.8260000000000005,16.0,-119.0,57.276,0
524,HDDC,7332,100.0,100.0,100.0,100.0,100.0,0.0,3.266,11.0,-119.0,38.858000000000004,0
525,IAEB,8041,100.0,100.0,100.0,99.213,99.531,0.0,27.123,59.0,-116.0,563.299,0
526,HCDG,7236,100.0,100.0,100.0,100.0,100.0,0.132,5.034,26.0,-115.0,62.22800000000001,0
527,BDDB,1331,99.929,100.0,99.929,97.826,96.618,0.0,10.978,43.0,-117.0,163.607,0
528,IHBI,8718,100.0,100.0,100.0,100.0,100.0,0.0,2.938,11.0,-119.0,13.508000000000001,0
529,HIAE,7804,100.0,100.0,100.0,100.0,100.0,0.241,4.706,16.0,-119.0,59.32299999999999,0
530,HBCG,7126,99.638,100.0,99.638,100.0,100.0,0.0,4.458,15.0,-119.0,52.937,0
531,HHGG,7769,100.0,100.0,100.0,99.087,99.485,0.18600000000000005,28.253,64.0,-115.0,462.7300000000001,1
532,FHHB,5771,100.0,100.0,100.0,100.0,100.0,0.0,11.129,53.0,-114.0,379.288,0
533,BAFH,1057,100.0,100.0,100.0,95.0,96.262,0.064,14.065,47.0,-116.0,215.45,0
534,BCBF,1215,100.0,100.0,100.0,100.0,100.0,0.0,3.194,11.0,-119.0,17.575000000000003,0
535,FIFH,5857,99.317,100.0,99.317,100.0,100.0,0.0,6.622000000000001,15.0,-119.0,106.51,0
536,IIFA,8850,100.0,100.0,100.0,100.0,100.0,0.0,9.842,13.0,-120.0,264.77799999999996,0
537,CIGG,2896,100.0,100.0,100.0,99.197,99.189,0.17800000000000002,24.285,153.0,-115.0,416.01800000000003,1
538,EAHH,4077,100.0,100.0,100.0,99.742,99.752,0.0,8.414,78.0,-115.0,134.988,0
539,FAED,5043,99.941,100.0,99.941,93.478,98.958,0.121,19.058,56.0,-116.0,351.73,0
540,EFHD,4573,100.0,100.0,100.0,100.0,100.0,0.0,3.71,13.0,-119.0,20.011,0
541,IGIA,8980,100.0,99.588,99.588,100.0,100.0,0.0,5.186,19.0,-119.0,49.026999999999994,0
542,GEIC,9482,100.0,100.0,100.0,100.0,100.0,0.0,4.864,13.0,-119.0,82.746,0
543,GGBG,6619,100.0,100.0,100.0,99.634,99.706,0.0,52.803,79.0,-114.0,879.986,1
544,CGGB,2661,100.0,100.0,100.0,99.301,99.362,0.0,10.658,43.0,-114.0,247.931,0
545,GHGF,6765,100.0,100.0,100.0,94.0,98.774,0.056,26.371,63.0,-115.0,355.421,0
546,EDIG,4386,99.675,100.0,99.675,100.0,100.0,0.0,6.12,13.0,-119.0,44.261,0
547,FGDA,5930,100.0,100.0,100.0,100.0,100.0,0.0,5.898,18.0,-119.0,70.143,0
548,GBCF,9125,100.0,100.0,100.0,100.0,100.0,0.0,4.84,16.0,-119.0,54.609,0
549,IAIB,8081,100.0,100.0,100.0,100.0,99.015,0.203,54.594,94.0,-114.0,682.8260000000001,1
550,GDHA,9370,100.0,100.0,100.0,99.909,99.824,0.0,13.512,49.0,-113.0,289.598,0
551,DBAC,3102,100.0,100.0,100.0,96.667,98.293,0.17,33.001999999999995,60.0,-114.0,435.502,1
552,IEHE,8474,99.729,100.0,99.729,83.333,90.909,0.0,6.134,18.0,-120.0,76.08000000000001,0
553,CFHE,2574,99.594,99.847,99.442,100.0,100.0,0.0,7.15,21.0,-119.0,79.684,0
554,DHBG,3716,100.0,100.0,100.0,100.0,100.0,0.0,4.698,17.0,-119.0,35.957,0
555,HEED,7443,100.0,100.0,100.0,99.221,98.943,0.149,64.191,108.0,-114.0,794.5830000000002,1
556,BFEF,1545,99.905,100.0,99.905,99.604,99.533,0.0,18.599,60.0,-112.0,324.631,0
557,GIHI,9878,99.948,99.95,99.897,97.101,98.291,0.0,41.934,70.0,-114.0,692.319,1
558,DACH,3027,100.0,100.0,100.0,92.593,94.872,0.0,6.45,16.0,-119.0,89.00999999999999,0
559,GIHH,6877,100.0,100.0,100.0,100.0,100.0,0.0,7.978,26.0,-119.0,149.77300000000005,0
560,CIGD,2893,100.0,100.0,100.0,95.833,95.833,0.0,6.546,20.0,-119.0,37.906,0
561,DABA,3010,100.0,100.0,100.0,99.333,98.603,0.187,62.357,112.0,-113.0,734.1690000000001,1
562,FGBF,5615,100.0,100.0,100.0,99.885,99.788,0.087,16.705,61.0,-114.0,255.264,0
563,HBAI,7108,99.945,100.0,99.945,98.507,97.186,0.244,32.43,62.0,-113.0,503.919,1
564,EHDG,4736,99.66,100.0,99.66,100.0,100.0,0.0,3.922,15.0,-119.0,23.312,0
565,GCIE,6284,99.808,100.0,99.808,100.0,99.468,0.19,9.116,22.0,-119.0,207.941,0
566,BGHH,1977,100.0,100.0,100.0,100.0,100.0,0.0,5.626,22.0,-119.0,206.302,0
567,GHEH,6747,99.874,100.0,99.874,95.44,96.843,0.091,72.447,146.0,-112.0,877.434,1
568,GAGH,9097,99.844,100.0,99.844,98.273,98.353,0.0,14.005999999999998,126.0,-113.0,219.12900000000002,0
569,GGCF,9925,100.0,100.0,100.0,97.143,98.217,0.24,40.598,57.0,-113.0,522.0690000000001,1
570,HIFC,7852,100.0,100.0,100.0,95.122,96.0,0.0,6.49,16.0,-119.0,109.60199999999999,0
571,DHCG,3726,100.0,100.0,100.0,100.0,100.0,0.0,11.838,18.0,-119.0,76.737,0
572,HGCC,7922,100.0,100.0,100.0,100.0,100.0,0.0,7.662000000000001,24.0,-120.0,195.599,0
573,BEGG,1496,100.041,100.0,100.041,99.381,98.944,0.045,65.179,159.0,-113.0,890.966,1
574,HGFF,7955,99.928,100.0,99.928,99.08,98.621,0.0,17.514,83.0,-113.0,328.148,0
575,CAFF,2055,100.0,100.0,100.0,95.349,98.532,0.547,30.832,64.0,-113.0,501.39,1
576,GAEF,9045,100.0,100.0,100.0,92.308,94.643,0.0,9.9,19.0,-119.0,134.633,0
577,EBEG,4149,99.568,99.824,99.392,100.0,100.0,0.0,9.4,21.0,-119.0,110.65,0
578,DGGE,3994,100.0,100.0,100.0,97.143,97.143,0.0,5.55,24.0,-119.0,86.71400000000003,0
579,DCCB,3221,99.923,100.0,99.923,98.941,98.293,0.126,62.31800000000001,150.0,-113.0,782.9970000000001,1
580,FAGG,5099,100.0,100.0,100.0,98.043,98.27,0.0,22.63,92.0,-113.0,438.306,1
581,ICIB,8281,99.901,100.0,99.901,95.062,97.918,0.16699999999999998,38.857,68.0,-112.0,534.123,1
582,CGFB,2651,99.747,100.0,99.747,95.714,96.667,0.0,7.582000000000002,21.0,-119.0,109.56099999999999,0
583,IDIE,8384,99.625,100.0,99.625,100.0,100.0,0.0,15.56,29.0,-119.0,300.898,0
584,DFID,3583,99.846,100.0,99.846,100.0,100.0,0.0,7.1,24.0,-119.0,132.274,0
585,HFCB,7521,99.958,100.0,99.958,98.361,97.823,0.045,68.656,83.0,-112.0,900.076,1
586,CCCD,2223,99.931,100.0,99.931,98.276,98.469,0.14,15.144,50.0,-113.0,264.346,0
587,GBGG,9169,99.951,100.0,99.951,98.077,98.347,0.109,44.338,74.0,-112.0,577.2819999999999,1
588,GBEC,6142,99.683,100.0,99.683,93.478,95.455,0.0,10.382,18.0,-119.0,190.716,0
589,HFDD,7533,99.424,100.0,99.424,100.0,100.0,0.0,12.562,31.0,-119.0,178.83999999999995,0
590,FGBB,5611,100.0,100.0,100.0,100.0,100.0,0.0,10.218,27.0,-119.0,271.29900000000004,0
591,HCBC,7212,99.953,100.0,99.953,99.795,98.837,0.199,77.211,134.0,-113.0,1063.952,1
592,CAFC,2052,99.933,100.0,99.933,98.458,98.561,0.069,24.666,128.0,-113.0,427.593,1
593,GGHF,6675,100.0,100.0,100.0,97.561,98.624,0.329,53.404,74.0,-113.0,906.6329999999998,1
594,IGII,8988,100.0,100.0,100.0,92.857,95.89,0.0,9.764,16.0,-119.0,160.25799999999998,0
595,EAGG,4069,100.0,100.0,100.0,100.0,100.0,0.0,14.496,25.0,-119.0,214.72299999999998,0
596,IFFB,8551,100.0,100.0,100.0,100.0,100.0,0.0,9.654,26.0,-119.0,146.259,0
597,GFAG,6506,99.906,99.959,99.865,99.727,98.354,0.103,66.615,92.0,-111.0,897.726,1
598,IEGE,8494,99.86,100.0,99.86,98.856,98.952,0.145,28.646,51.0,-113.0,433.485,1
599,GAEA,9040,99.9,100.0,99.9,95.699,97.571,0.114,41.243,66.0,-113.0,670.192,1
600,GIEH,9847,100.0,100.0,100.0,97.561,98.276,0.0,9.806,18.0,-119.0,234.14000000000001,0
601,FGCC,5922,100.0,100.0,100.0,100.0,100.0,0.0,13.136,30.0,-119.0,242.91500000000002,0
602,EFFE,4554,99.854,100.0,99.854,100.0,100.0,0.0,7.362,28.0,-119.0,123.833,0
603,FDGB,5391,99.865,100.0,99.865,94.661,95.171,0.097,50.583,147.0,-111.0,668.2280000000001,1
604,DCBF,3215,99.32,100.0,99.32,97.507,96.606,0.226,29.755,166.0,-113.0,433.567,1
605,ICGI,8268,100.0,100.0,100.0,100.0,96.372,0.195,36.615,64.0,-113.0,646.6599999999999,1
606,CGAD,2603,100.0,100.0,100.0,90.909,93.75,0.0,7.564,20.0,-119.0,109.172,0
607,CGGE,2994,100.0,99.868,99.868,98.246,99.603,0.0,15.1,28.0,-119.0,270.217,0
608,GFGC,9592,100.0,100.0,100.0,97.059,97.059,0.0,6.7,22.0,-119.0,78.461,0
609,EIBC,4812,99.777,100.0,99.777,99.577,97.655,0.698,61.714,207.0,-112.0,883.2359999999999,1
610,GFCD,6523,100.0,100.0,100.0,99.496,99.564,0.298,24.324,117.0,-113.0,443.283,1
611,FBCE,5124,99.59,100.0,99.59,94.737,97.959,0.282,37.53,76.0,-112.0,497.11500000000007,1
612,BACD,1023,100.0,100.0,100.0,95.238,95.652,0.0,8.796,20.0,-119.0,151.803,0
613,GIGF,6865,100.0,100.0,100.0,99.083,99.692,0.339,15.364,38.0,-119.0,254.513,0
614,GIEC,6842,100.0,100.0,100.0,100.0,100.0,0.312,8.12,40.0,-119.0,129.327,0
615,CFDB,2531,99.835,100.0,99.835,99.396,98.088,0.23,55.074,168.0,-113.0,855.8679999999999,1
616,EDGC,4392,100.0,99.949,99.949,96.923,97.358,0.202,14.668,182.0,-113.0,265.827,1
617,GGGG,9669,99.951,99.914,99.865,90.909,96.421,0.213,32.088,74.0,-112.0,508.515,1
618,CBBG,2116,99.728,100.0,99.728,98.276,97.297,0.278,14.666,19.0,-119.0,318.718,0
619,FEFG,5456,99.682,99.764,99.447,100.0,99.728,0.0,16.014,29.0,-118.0,191.903,0
620,BIAE,1804,100.0,100.0,100.0,100.0,100.0,0.16699999999999998,8.764,30.0,-119.0,185.31900000000005,0
621,EHEG,4746,99.956,100.0,99.956,99.085,98.446,0.14400000000000002,69.449,97.0,-113.0,993.108,1
622,BEHF,1475,100.0,100.0,100.0,99.45,99.487,0.0,18.606,55.0,-113.0,365.194,0
623,HBGG,7196,99.954,100.0,99.954,93.75,97.411,0.204,48.537,78.0,-113.0,918.491,1
624,HIIB,7881,100.0,100.0,100.0,97.297,96.907,0.258,8.126,19.0,-119.0,129.643,0
625,HIHD,7873,99.837,100.0,99.837,100.0,99.371,0.0,12.912,30.0,-119.0,183.28900000000002,0
626,GEGG,9499,99.883,100.0,99.883,100.0,100.0,0.115,20.62,41.0,-119.0,240.665,0
627,FHGG,5796,99.833,100.0,99.833,95.618,96.833,0.09,70.465,175.0,-112.0,972.561,1
628,CGEI,2648,99.605,100.0,99.605,98.852,98.529,0.175,42.452,180.0,-113.0,1156.691,1
629,IEGI,8498,99.953,100.0,99.953,98.795,97.497,0.313,27.23,68.0,-113.0,415.45399999999995,1
630,CDBH,2317,100.0,100.0,100.0,95.745,97.26,0.0,8.494,16.0,-119.0,123.315,0
631,FDGG,5369,99.844,100.0,99.844,99.248,98.976,0.0,19.162,32.0,-119.0,366.569,0
632,IHEF,8745,99.893,100.0,99.893,100.0,100.0,0.0,12.202,42.0,-119.0,380.237,0
633,GGGC,9692,100.0,100.0,100.0,98.803,98.38,0.267,69.425,238.0,-112.0,872.603,1
634,GFBF,6515,99.788,100.0,99.788,99.396,99.427,0.16699999999999998,31.489,161.0,-113.0,726.739,1
635,GGCI,6928,100.0,99.959,99.959,97.03,98.213,0.252,41.82899999999999,76.0,-113.0,543.978,1
636,EBCF,4125,100.0,100.0,100.0,100.0,100.0,0.0,13.918,14.0,-119.0,313.031,0
637,CEAH,2407,99.852,100.0,99.852,99.107,99.702,0.146,19.98,36.0,-119.0,338.55500000000006,0
638,GHAB,6701,100.0,100.0,100.0,98.81,98.81,0.0,12.2,33.0,-119.0,372.92499999999995,0
639,DHIC,3782,100.0,100.0,100.0,99.163,98.011,0.093,55.44300000000001,149.0,-112.0,648.456,1
640,BCFF,1255,100.0,100.0,100.0,99.904,99.819,0.063,31.169,116.0,-112.0,821.475,1
641,GDHG,6376,100.0,100.0,100.0,97.849,97.566,0.36,47.269,69.0,-112.0,947.897,1
642,CDGG,2399,95.745,98.201,94.022,91.667,93.333,1.394,7.994,16.0,-119.0,107.561,3
643,IBHD,8173,98.322,98.987,97.326,97.351,96.599,1.286,51.838,37.0,-118.0,1406.958,3
644,BFFH,1557,98.077,98.353,96.462,98.969,98.969,0.31,11.71,34.0,-118.0,334.749,3
645,HDEH,7347,99.919,99.932,99.851,99.23,98.49,0.171,63.147,217.0,-112.0,658.722,1
646,GHFA,6750,100.0,100.0,100.0,97.764,97.643,0.155,25.132,283.0,-112.0,439.72700000000003,1
647,DIEA,3840,99.912,100.0,99.912,97.98,96.511,0.332,36.712,80.0,-112.0,450.12600000000003,1
648,FHBF,5715,100.0,100.0,100.0,96.491,97.5,0.0,7.46,13.0,-119.0,160.667,0
649,BGEH,1647,99.706,100.0,99.706,100.0,100.0,0.0,29.584,41.0,-119.0,742.753,0
650,IAGB,8061,99.605,100.0,99.605,100.0,100.0,0.0,8.412,32.0,-119.0,106.31,0
651,EHDF,4735,100.0,100.0,100.0,99.744,99.514,0.08900000000000001,68.954,254.0,-111.0,704.203,1
652,DGFD,3653,99.955,100.0,99.955,98.391,98.389,0.14,37.673,262.0,-112.0,574.3640000000001,1
653,BBFF,1155,99.835,99.964,99.798,97.619,97.861,0.313,37.056,85.0,-113.0,420.18800000000005,1
654,DEGA,3490,100.0,100.0,100.0,95.455,97.297,0.0,7.506,18.0,-119.0,128.654,0
655,GIGB,6861,100.0,100.0,100.0,99.465,99.744,0.0,54.762,36.0,-119.0,1849.6970000000001,1
656,EGDF,4935,100.0,100.0,100.0,100.0,100.0,0.0,11.842,38.0,-119.0,310.53099999999995,0
657,DEDA,3430,99.956,100.0,99.956,99.796,99.388,0.18,72.316,192.0,-111.0,785.054,1
658,FCBH,5217,99.84,100.0,99.84,99.882,99.887,0.083,26.215,127.0,-112.0,341.8370000000001,1
659,GAIB,6081,99.876,100.0,99.876,97.087,97.747,0.316,36.229,78.0,-112.0,486.556,1
660,CAHD,2073,100.0,100.0,100.0,93.939,96.552,0.0,9.644,17.0,-119.0,79.701,0
661,CGFH,2957,100.0,100.0,100.0,100.0,100.0,0.0,24.824,31.0,-119.0,559.3260000000001,0
662,CGDG,2639,100.0,100.0,100.0,100.0,100.0,0.109,12.61,41.0,-119.0,286.339,0
663,FBEC,5142,100.0,100.0,100.0,99.838,99.5,0.13,56.99100000000001,111.0,-111.0,695.4960000000002,1
664,FIHG,5876,99.913,100.0,99.913,99.846,99.851,0.22,21.021,76.0,-112.0,336.273,1
665,GCGE,6294,100.0,100.0,100.0,99.083,97.764,0.198,50.89,84.0,-113.0,732.236,1
666,BFDF,1535,100.0,100.0,100.0,92.308,94.286,0.0,7.713999999999999,18.0,-119.0,112.342,0
667,IGHD,8673,99.807,100.0,99.807,100.0,100.0,0.0,11.752,26.0,-119.0,148.579,0
668,IDGH,8397,99.884,100.0,99.884,100.0,100.0,0.0,12.58,41.0,-119.0,352.553,0
669,DCGH,3267,99.955,100.0,99.955,99.38,99.163,0.094,69.484,241.0,-111.0,893.2549999999998,1
670,GDIE,9384,99.867,100.0,99.867,99.128,98.9,0.272,22.273000000000003,263.0,-111.0,313.623,1
671,FIDF,5835,99.953,100.0,99.953,96.0,98.206,0.152,57.989,81.0,-113.0,776.764,1
672,IACG,8026,100.0,100.0,100.0,96.875,97.333,0.0,7.257999999999999,20.0,-119.0,78.803,0
673,FCGI,5298,100.0,100.0,100.0,100.0,100.0,0.0,16.714000000000002,30.0,-119.0,198.087,0
674,GFGG,6599,100.0,100.0,100.0,100.0,100.0,0.525,8.37,43.0,-119.0,172.651,0
675,BAII,1088,99.78,100.0,99.78,99.651,99.114,0.141,67.645,241.0,-111.0,789.785,1
676,GEDF,6435,99.956,100.0,99.956,98.371,98.58,0.409,27.891,199.0,-111.0,560.6479999999999,1
677,GHHI,6778,100.0,100.0,100.0,91.919,98.369,0.051,62.471,81.0,-113.0,864.449,1
678,GFHG,6579,100.0,100.0,100.0,100.0,99.435,0.223,5.81,18.0,-119.0,63.053000000000004,0
679,HIDF,7835,100.0,100.0,100.0,100.0,100.0,0.0,14.948,26.0,-119.0,253.565,0
680,CAFB,2051,99.888,100.0,99.888,100.0,100.0,0.11,14.774,34.0,-119.0,411.841,0
681,HDCI,7328,99.905,100.0,99.905,99.857,99.114,0.251,59.772,110.0,-111.0,682.108,1
682,EABC,4012,100.0,100.0,100.0,99.861,99.806,0.054000000000000006,16.45,107.0,-112.0,354.962,1
683,CHFC,2752,99.767,100.0,99.767,100.0,96.806,0.103,73.195,80.0,-112.0,1268.944,1
684,CAGA,2060,99.784,100.0,99.784,95.0,97.872,0.0,14.368,18.0,-119.0,246.97,0
685,EGCC,4622,100.0,100.0,100.0,100.0,100.0,0.0,7.536,27.0,-119.0,81.70300000000003,0
686,BFGB,1561,100.0,100.0,100.0,98.864,98.864,0.125,11.066,38.0,-119.0,386.452,0
687,IFGD,8563,99.726,100.0,99.726,98.944,98.652,0.05,53.871,148.0,-112.0,667.881,1
688,EFEG,4546,99.601,100.0,99.601,99.119,98.938,0.836,21.318,289.0,-112.0,476.61300000000006,1
689,HEBD,7413,99.911,99.96,99.871,98.75,96.542,0.534,66.688,78.0,-112.0,1033.791,1
690,CDDI,2338,100.0,100.0,100.0,100.0,100.0,0.257,10.11,16.0,-119.0,98.77300000000001,0
691,CHDA,2730,99.749,100.0,99.749,100.0,100.0,0.0,8.752,21.0,-119.0,82.89,0
692,HDCD,7323,100.0,99.896,99.896,100.0,100.0,0.0,7.61,32.0,-119.0,178.32400000000004,0
693,EEBF,4415,99.958,100.0,99.958,98.744,98.696,0.093,50.71,190.0,-112.0,584.425,1
694,HBCF,7125,99.942,100.0,99.942,97.339,97.492,0.06,24.461,201.0,-112.0,572.724,1
695,GBDF,6135,99.851,100.0,99.851,97.872,97.214,0.109,52.422,75.0,-112.0,841.8729999999999,1
696,HBIB,7181,99.718,100.0,99.718,100.0,100.0,0.299,8.548,14.0,-119.0,176.01399999999995,0
697,CGGE,2964,99.539,99.823,99.363,98.63,99.582,0.0,11.114,23.0,-119.0,181.832,0
698,IIHG,8879,99.84,100.0,99.84,100.0,100.0,0.0,8.816,24.0,-119.0,135.654,0
699,GCIH,9287,100.0,100.0,100.0,99.342,99.346,0.152,52.25899999999999,94.0,-112.0,615.644,1
700,EDCE,4324,100.0,100.0,100.0,99.229,99.167,0.0,17.839000000000006,54.0,-113.0,455.964,0
701,DBEE,3144,99.9,100.0,99.9,98.837,97.106,0.325,43.183,70.0,-112.0,599.768,1
702,FADE,5034,100.0,100.0,100.0,100.0,100.0,0.0,5.278,13.0,-119.0,37.199999999999996,0
703,GGDA,9630,100.0,100.0,100.0,100.0,100.0,0.0,13.3,21.0,-119.0,242.643,0
704,GDGI,6368,100.0,100.0,100.0,100.0,100.0,0.0,6.204,28.0,-119.0,68.689,0
705,BCGC,1292,100.0,100.0,100.0,99.424,98.715,0.048,46.901,98.0,-113.0,586.616,1
706,GAGA,9060,100.0,99.957,99.957,99.464,99.517,0.227,25.652,61.0,-113.0,584.775,1
707,HADF,7035,99.449,100.0,99.449,97.345,96.564,0.2,37.521,80.0,-112.0,588.96,1
708,IGFC,8952,100.0,100.0,100.0,96.97,98.276,0.0,10.512,18.0,-119.0,145.51199999999997,0
709,GHII,6788,100.0,100.0,100.0,100.0,100.0,0.0,15.962,24.0,-119.0,206.803,0
710,DGAF,3605,100.0,100.0,100.0,100.0,100.0,0.0,13.212,29.0,-119.0,324.745,0
711,DAGI,3068,99.957,100.0,99.957,98.822,97.656,0.149,66.755,90.0,-113.0,694.5540000000001,1
712,BAFF,1055,100.0,100.0,100.0,99.836,99.711,0.058,24.484,58.0,-114.0,511.616,0
713,CGDE,2634,99.487,100.0,99.487,100.0,94.461,0.154,56.786,79.0,-113.0,809.688,1
714,CIAE,2804,100.0,100.0,100.0,90.476,96.226,0.0,13.468,18.0,-119.0,185.658,0
715,IHGG,8799,99.825,100.0,99.825,100.0,100.0,0.0,20.688,32.0,-119.0,375.339,0
716,FEGB,5491,100.0,100.0,100.0,100.0,100.0,0.146,7.52,28.0,-119.0,141.683,0
717,EFHE,4574,99.672,99.927,99.599,99.075,97.044,2.315,64.391,380.0,-112.0,818.7049999999999,1
718,EGFH,4957,99.038,100.0,99.038,99.179,98.845,0.14800000000000002,18.08,214.0,-113.0,352.163,1
719,BHBH,1717,99.9,100.0,99.9,96.667,94.619,0.214,58.292,84.0,-113.0,805.841,1
720,GHAG,6709,100.0,99.54,99.54,85.0,94.34,0.325,10.418,17.0,-119.0,167.69199999999998,0
721,HHGF,7795,99.827,100.0,99.827,100.0,100.0,0.0,11.042,26.0,-119.0,222.161,0
722,DDIF,3385,100.0,99.875,99.875,100.0,100.0,0.17,8.682,30.0,-119.0,218.98400000000004,0
723,EAEF,4045,99.959,99.963,99.922,97.934,97.075,0.134,71.337,100.0,-113.0,808.5140000000001,1
724,CDHG,2379,100.0,100.0,100.0,99.309,99.249,0.173,27.938,65.0,-113.0,570.973,1
725,HAGF,7095,100.0,100.0,100.0,97.468,96.612,0.605,51.202,78.0,-113.0,646.235,1
726,GDCB,9321,100.0,100.0,100.0,100.0,100.0,0.0,14.758,16.0,-119.0,249.36599999999999,0
727,GFCG,6529,100.0,100.0,100.0,100.0,100.0,0.0,7.402,22.0,-119.0,66.353,0
728,CEGF,2495,100.0,100.0,100.0,100.0,100.0,0.0,11.518,31.0,-119.0,370.238,0
729,HADI,7038,99.909,100.0,99.909,99.366,99.174,0.096,53.99100000000001,96.0,-112.0,641.1170000000001,1
730,BGIE,1684,99.942,100.0,99.942,99.549,99.567,0.058,54.324,63.0,-113.0,1320.659,1
731,CBFB,2151,99.895,100.0,99.895,100.0,96.201,0.342,61.2,72.0,-112.0,872.419,1
732,GAED,6043,100.0,100.0,100.0,100.0,100.0,0.0,7.6320000000000014,20.0,-119.0,91.72999999999998,0
733,GGAG,9606,100.0,100.0,100.0,94.595,98.833,0.0,7.69,22.0,-119.0,59.407,0
734,GHGG,6799,100.0,100.0,100.0,100.0,100.0,0.0,6.23,32.0,-119.0,97.94199999999998,0
735,GHAC,6702,99.856,100.0,99.856,99.588,98.813,0.155,48.86600000000001,93.0,-112.0,679.6279999999999,1
736,GBFH,9157,100.0,100.0,100.0,98.941,98.931,0.055,25.836,67.0,-113.0,471.242,1
737,FFFE,5554,99.793,99.953,99.746,96.341,96.754,0.171,44.487,68.0,-112.0,588.7470000000001,1
738,HBCC,7122,100.0,100.0,100.0,90.0,96.923,0.0,6.914,15.0,-119.0,65.52799999999999,0
739,IGEC,8642,99.782,99.835,99.617,100.0,100.0,0.218,11.644,27.0,-119.0,142.396,0
740,IFCI,8528,100.0,100.0,100.0,100.0,100.0,0.0,7.52,32.0,-119.0,150.255,0
741,HBDG,7136,99.362,100.0,99.362,99.364,98.877,1.884,49.00899999999999,328.0,-113.0,595.6719999999998,1
742,IHCI,8728,99.576,99.961,99.537,95.495,95.837,0.049,26.487,189.0,-113.0,756.8169999999999,1
743,DADE,3034,99.743,100.0,99.743,100.0,97.658,0.223,40.861,70.0,-112.0,533.796,1
744,GGGG,6996,99.074,100.0,99.074,94.444,98.039,0.329,4.22,15.0,-119.0,23.333000000000002,0
745,DIED,3843,100.0,100.0,100.0,100.0,100.0,0.0,10.15,25.0,-119.0,121.094,0
746,IHFG,8759,99.86,100.0,99.86,100.0,100.0,0.0,5.988,30.0,-119.0,90.118,0
747,EGCI,4928,99.824,100.0,99.824,99.272,98.431,0.238,45.588,130.0,-112.0,535.785,1
748,IEIG,8486,99.9,100.0,99.9,99.69,99.524,0.051,26.089,118.0,-113.0,664.1909999999998,1
749,ECAG,4209,100.0,100.0,100.0,92.941,94.672,0.353,40.467,73.0,-112.0,624.067,1
750,GIEG,9846,100.0,100.0,100.0,91.667,98.246,0.0,4.872,13.0,-119.0,28.726,0
751,HGIA,7980,100.0,100.0,100.0,100.0,100.0,0.204,10.116,22.0,-119.0,133.308,0
752,BEAA,1400,100.0,100.0,100.0,100.0,100.0,0.0,7.952000000000001,32.0,-119.0,200.445,0
753,FAHI,5078,100.0,100.0,100.0,98.711,98.742,0.053,51.528,142.0,-113.0,713.157,1
754,HHBG,7716,100.0,100.0,100.0,99.676,99.699,0.054000000000000006,24.216,115.0,-114.0,532.805,1
755,EGCA,4920,99.855,100.0,99.855,94.048,93.879,0.159,33.949,65.0,-112.0,565.1220000000001,1
756,DHAE,3704,100.0,100.0,100.0,95.833,97.959,0.0,10.068,14.0,-119.0,150.313,0
757,HGGH,7697,99.788,100.0,99.788,97.619,99.632,0.213,9.134,22.0,-119.0,101.968,0
758,DGEA,3940,100.0,100.0,100.0,95.652,95.652,0.0,7.904,30.0,-119.0,193.446,0
759,BGIA,1980,99.945,100.0,99.945,99.334,98.656,0.118,71.615,80.0,-112.0,1093.74,1
760,BHFB,1751,100.0,100.0,100.0,99.278,99.339,0.053,16.614,61.0,-112.0,314.27799999999996,0
761,BBGF,1165,99.955,100.0,99.955,98.667,95.775,0.463,44.145,70.0,-112.0,827.3580000000001,1
762,ICGG,8299,99.702,100.0,99.702,92.0,95.918,0.0,10.702,15.0,-119.0,92.19200000000001,0
763,EIAF,4805,99.821,99.747,99.569,100.0,100.0,0.0,11.142,25.0,-119.0,145.927,0
764,IIIH,8887,99.413,99.896,99.309,95.833,95.833,0.0,9.498,42.0,-119.0,253.287,0
765,HGED,7643,99.394,99.918,99.312,91.728,93.828,1.3530000000000002,76.745,267.0,-112.0,1291.3609999999999,1
766,GAHA,9070,96.036,99.907,95.946,99.058,97.048,2.629,15.48,407.0,-111.0,302.046,3
767,IIHB,8871,99.464,99.948,99.412,91.892,95.101,0.604,48.291,59.0,-112.0,833.282,1
768,DEGD,3493,99.762,100.0,99.762,83.333,94.231,0.0,14.056,16.0,-119.0,153.959,0
769,CGHA,2670,100.0,100.0,100.0,100.0,100.0,0.0,34.406,35.0,-119.0,551.444,0
770,BHAC,1702,99.673,100.0,99.673,100.0,100.0,0.0,8.064,35.0,-119.0,107.76299999999999,0
771,BFED,1543,100.0,100.0,100.0,99.346,98.343,0.1,57.432,228.0,-112.0,669.783,1
772,DGEE,3644,99.938,100.0,99.938,98.584,97.313,0.324,26.463,315.0,-113.0,556.644,1
773,FACC,5022,99.883,100.0,99.883,97.5,96.669,0.321,60.425,64.0,-111.0,1020.3399999999999,1
774,HAHG,7079,100.0,100.0,100.0,93.548,95.161,0.0,12.37,18.0,-119.0,167.55700000000002,0
775,ECHD,4273,99.436,100.0,99.436,98.0,99.66,0.189,17.218,29.0,-119.0,303.177,0
776,IBBF,8115,100.0,100.0,100.0,100.0,100.0,0.0,8.578,31.0,-119.0,207.182,0
777,CABI,2018,100.0,100.0,100.0,99.757,99.308,0.056,55.54600000000001,179.0,-111.0,605.967,1
778,FDDG,5336,99.607,100.0,99.607,98.158,97.678,0.469,21.902,295.0,-112.0,433.872,1
779,HIIG,7886,99.94,100.0,99.94,97.531,97.229,0.396,50.056,63.0,-111.0,680.972,1
780,GCBF,9215,100.0,100.0,100.0,83.333,96.491,0.214,7.58,18.0,-119.0,82.911,0
781,HHGI,7768,100.0,99.851,99.851,100.0,100.0,0.0,12.222,22.0,-119.0,174.007,0
782,EBGF,4195,100.0,100.0,100.0,100.0,100.0,0.123,7.95,31.0,-119.0,211.24199999999996,0
783,EIFF,4855,99.888,100.0,99.888,99.721,99.304,0.121,67.568,84.0,-111.0,746.9879999999999,1
784,CHHG,2779,100.0,100.0,100.0,99.69,99.659,0.0,45.633,62.0,-112.0,686.0579999999998,1
785,BGGD,1693,99.889,99.95,99.839,100.0,96.52,0.126,43.526,68.0,-112.0,541.992,1
786,FDDB,5331,100.0,100.0,100.0,100.0,100.0,0.0,7.812,18.0,-119.0,75.489,0
787,BEEH,1447,100.0,100.0,100.0,100.0,100.0,0.0,10.9,28.0,-119.0,195.192,0
788,BGDD,1933,99.705,100.0,99.705,100.0,100.0,0.0,7.026,27.0,-119.0,135.50199999999998,0
789,DFGC,3562,99.946,100.0,99.946,99.676,99.303,0.0,65.439,107.0,-112.0,648.5989999999998,1
790,HFDI,7538,99.946,100.0,99.946,100.0,99.888,0.0,35.459,63.0,-111.0,682.782,1
791,BBDA,1130,100.0,100.0,100.0,97.561,96.798,0.431,49.522,67.0,-112.0,615.0459999999999,1
792,BDHG,1376,100.0,99.695,99.695,100.0,100.0,0.0,7.24,16.0,-119.0,101.032,0
793,HEIC,7482,100.0,100.0,100.0,100.0,100.0,0.177,18.308,28.0,-119.0,360.117,0
794,CGEE,2944,100.0,100.0,100.0,100.0,100.0,0.0,9.982,45.0,-119.0,239.857,0
795,BIGC,1892,99.95,100.0,99.95,99.212,98.251,0.217,78.398,139.0,-112.0,975.976,1
796,FHBD,5713,99.206,100.0,99.206,99.467,99.176,0.37,43.61,228.0,-112.0,946.6999999999999,1
797,HFCG,7529,99.949,99.953,99.902,97.619,96.016,0.447,45.339,69.0,-112.0,538.938,1
798,GEFG,9456,100.0,100.0,100.0,96.875,97.403,0.0,8.498,21.0,-119.0,121.8,0
799,GCAA,9200,100.0,100.0,100.0,100.0,100.0,0.0,19.114,22.0,-119.0,511.501,0
800,IADF,8035,99.773,99.912,99.685,100.0,100.0,0.0,11.77,41.0,-119.0,401.889,0
801,GDBC,6312,99.902,100.0,99.902,99.791,99.407,0.206,71.59899999999998,102.0,-113.0,871.8860000000001,1
802,DEGI,3498,100.0,100.0,100.0,99.901,99.82,0.045,29.908,79.0,-113.0,734.4219999999998,1
803,BGHC,1672,100.0,100.0,100.0,96.203,96.634,0.163,51.749,77.0,-112.0,704.3570000000002,1
804,CGCF,2925,100.0,99.829,99.829,97.222,97.403,0.0,25.552,20.0,-119.0,340.126,0
805,FAGG,5066,100.0,100.0,100.0,100.0,100.0,0.0,18.108,31.0,-119.0,336.71799999999996,0
806,EHBF,4715,99.904,100.0,99.904,100.0,100.0,0.0,16.582,46.0,-119.0,531.167,0
807,IGCG,8929,100.0,100.0,100.0,99.624,98.348,0.0,71.525,91.0,-112.0,1020.37,1
808,GHCI,9728,100.0,100.0,100.0,99.822,99.749,0.042,32.283,79.0,-112.0,560.75,1
809,CCGF,2295,99.853,100.0,99.853,96.154,97.091,0.159,48.879,78.0,-112.0,671.101,1
810,FEDH,5437,99.798,99.705,99.503,97.619,98.361,0.0,12.358,27.0,-119.0,184.446,0
811,DCEI,3248,100.0,100.0,100.0,100.0,100.0,0.0,17.637999999999995,38.0,-119.0,371.061,0
812,BDEI,1348,100.0,100.0,100.0,100.0,100.0,0.0,12.808,51.0,-119.0,443.951,0
813,FEGF,5465,100.0,100.0,100.0,99.605,99.197,0.0,77.60600000000002,219.0,-111.0,1062.588,1
814,CDEG,2349,100.0,99.967,99.967,99.265,99.09,0.043,33.684,247.0,-112.0,596.465,1
815,IEII,8488,99.905,100.0,99.905,99.0,95.397,0.3,59.289,83.0,-112.0,931.406,1
816,BFAF,1505,99.838,100.0,99.838,95.946,96.842,0.48,11.22,26.0,-119.0,272.773,0
817,DGBB,3911,100.0,100.0,100.0,100.0,100.0,0.0,14.484000000000002,30.0,-119.0,258.014,0
818,GAIE,6084,100.0,100.0,100.0,97.619,97.619,0.0,10.564,42.0,-119.0,292.06399999999996,0
819,FFIH,5587,99.777,100.0,99.777,99.538,98.81,2.69,70.771,405.0,-111.0,970.7659999999998,1
820,DGGC,3992,99.831,100.0,99.831,99.706,99.636,0.044,41.38399999999999,246.0,-112.0,684.2370000000001,1
821,GEGH,6497,99.903,100.0,99.903,98.198,94.971,0.202,76.301,93.0,-112.0,1472.889,1
822,FGCF,5625,99.571,100.0,99.571,100.0,100.0,0.0,10.02,30.0,-119.0,198.652,0
823,DGCA,3920,99.593,99.836,99.429,100.0,100.0,0.0,15.536,47.0,-119.0,287.143,0
824,EFCF,4525,99.795,99.921,99.716,100.0,100.0,0.0,15.298,54.0,-119.0,465.84200000000004,0
825,EAFG,4059,99.912,100.0,99.912,99.612,99.229,0.0,61.13399999999999,267.0,-110.0,879.048,1
826,HFBG,7519,99.911,99.963,99.874,98.664,98.248,0.046,24.087,305.0,-111.0,474.262,1
827,BFBF,1515,99.871,100.0,99.871,97.857,89.502,0.312,57.591,94.0,-112.0,970.72,1
828,HGEF,7645,99.8,100.0,99.8,97.436,98.765,0.0,18.57,28.0,-119.0,406.948,0
829,DGIE,3684,99.783,100.0,99.783,100.0,100.0,0.0,13.938,36.0,-119.0,222.90699999999998,0
830,IDCI,8328,99.799,100.0,99.799,100.0,100.0,0.0,14.874,48.0,-119.0,470.633,0
831,EFDG,4536,99.955,100.0,99.955,99.379,99.303,0.092,65.286,246.0,-112.0,955.4990000000001,1
832,CGHG,2676,100.0,99.967,99.967,97.861,97.931,0.131,34.192,257.0,-112.0,734.9860000000001,1
833,DDGC,3362,100.0,100.0,100.0,98.485,96.074,0.333,68.056,89.0,-112.0,885.064,1
834,BAIB,1081,99.817,100.0,99.817,91.667,95.294,0.0,22.116,29.0,-119.0,517.6179999999999,0
835,IGIG,8989,100.0,100.0,100.0,100.0,100.0,0.0,18.738,29.0,-118.0,365.426,0
836,ECFG,4256,99.763,99.82,99.584,100.0,100.0,0.0,14.014,39.0,-119.0,442.86199999999997,0
837,GEHE,9474,99.954,100.0,99.954,99.741,99.28,0.18600000000000005,73.296,294.0,-112.0,916.13,1
838,IHHD,8773,100.0,100.0,100.0,99.492,99.467,0.093,28.068,190.0,-112.0,549.1959999999999,1
839,IICH,8827,100.0,100.0,100.0,98.876,96.392,0.094,70.133,96.0,-112.0,1069.731,1
840,IAEC,8042,100.0,100.0,100.0,94.231,96.386,0.0,24.846,34.0,-119.0,681.395,0
841,GABG,6019,100.0,100.0,100.0,100.0,100.0,0.0,15.29,26.0,-119.0,254.425,0
842,BGAH,1907,100.0,100.0,100.0,100.0,100.0,0.0,11.23,39.0,-119.0,253.817,0
843,CCEH,2247,99.912,100.0,99.912,99.801,99.499,0.134,74.715,163.0,-111.0,1046.905,1
844,GBEA,6140,100.0,100.0,100.0,99.429,99.413,0.149,37.3,171.0,-111.0,693.784,1
845,GHAF,9705,99.822,100.0,99.822,98.718,99.06,0.183,71.902,103.0,-112.0,1127.739,1
846,IAHH,8077,99.815,100.0,99.815,93.75,96.154,0.0,20.568,28.0,-119.0,565.4630000000001,0
847,EHBA,4710,99.581,100.0,99.581,100.0,100.0,0.0,17.848,34.0,-119.0,344.6780000000001,0
848,GGAH,9907,99.894,100.0,99.894,100.0,100.0,0.0,11.18,43.0,-119.0,355.03499999999997,0
849,CEFE,2454,100.0,100.0,100.0,99.788,99.427,0.14300000000000002,72.166,127.0,-111.0,1218.3929999999998,1
850,FIII,5888,100.0,100.0,100.0,99.853,99.8,0.0,50.309,106.0,-112.0,692.383,1
851,BDHC,1372,99.955,99.959,99.914,93.827,95.636,0.095,75.12100000000002,102.0,-112.0,1248.1730000000002,1
852,GBBI,9118,99.828,99.866,99.694,87.5,92.381,0.0,18.976,26.0,-118.0,455.904,0
853,DGHD,3973,100.0,100.0,100.0,100.0,100.0,0.0,28.282,37.0,-119.0,648.2969999999998,0
854,FDDC,5332,100.0,100.0,100.0,100.0,100.0,0.0,12.624,46.0,-119.0,329.4300000000001,0
855,EHBC,4712,99.958,100.0,99.958,98.748,97.805,0.218,73.47399999999998,241.0,-112.0,1116.5279999999998,1
856,IAHB,8071,99.768,100.0,99.768,98.82,98.258,0.77,49.485,369.0,-112.0,920.826,1
857,GAAF,9005,99.952,99.912,99.864,97.701,96.571,0.204,74.824,101.0,-112.0,1170.532,1
858,GGAB,9901,99.833,100.0,99.833,100.0,100.0,0.0,18.894,24.0,-118.0,432.549,0
859,CAGH,2067,99.784,100.0,99.784,100.0,100.0,0.0,24.94,34.0,-119.0,595.9390000000001,0
860,DIEB,3841,100.0,100.0,100.0,100.0,100.0,0.0,13.52,35.0,-119.0,549.956,0
861,FBFA,5150,99.905,100.0,99.905,98.201,97.872,0.196,68.682,127.0,-112.0,920.4319999999998,1
862,BBDE,1134,100.0,100.0,100.0,97.922,98.122,0.8270000000000001,42.899,73.0,-111.0,736.3880000000001,1
863,HGEB,7641,99.958,100.0,99.958,93.269,97.586,0.08800000000000001,63.157,99.0,-112.0,1027.392,1
