日期,基站名称,数据总吞吐量（上行+下行）,系统上行每PRB子载波平均干扰噪声
2015/1/28,L5GED8,5.3947,-116.8958
2015/1/28,L5GED5,5.1684,-107.6458
2015/1/28,L5GED7,10.577,-117.2604
2015/1/28,L5GE2B,0.0307,-118.875
2015/1/28,L5GEA7,0.0561,-118.3854
2015/1/28,L5GEF3,6.7213,-117.3021
2015/1/28,L5GE47,1.9203,-118.8958
2015/1/28,L5GE5F,4.7375,-118.0938
2015/1/28,L5GE51,0.2651,-118
2015/1/28,L5GF06,3.4619,-117.7917
2015/1/28,L5GE48,0.9428,-118.1875
2015/1/28,L5GF03,5.6946,-117.3646
2015/1/28,L5GF02,4.8797,-117.3021
2015/1/28,L5GEAE,6.0731,-118.1354
2015/1/28,L5ID2F,0.6596,-115.9896
2015/1/28,L5GEB2,0.9506,-118.0625
2015/1/28,LE5G26B,15.3695,-117.3542
2015/1/28,L5GEFF,12.1894,-117.7813
2015/1/28,L5G250,7.849,-117.1354
2015/1/28,L5GEC2,0.0455,-118.6667
2015/1/28,L5GE33,0.0073,-118.9063
2015/1/28,L5GE45,0.1173,-118.3438
2015/1/28,L5GE59,0.562,-117.9688
2015/1/28,L5GF05,12.1346,-117.6458
2015/1/28,L5GEFC,0.9692,-117.625
2015/1/28,L5GF00,5.6327,-117.3854
2015/1/28,L5GF02,6.7835,-117.4063
2015/1/28,L5GE57,0.0364,-118.9896
2015/1/28,L5GE84,0.4643,-118.2708
2015/1/28,L5G0F3,17.8785,-117.1563
2015/1/28,L5GEBF,0.554,-114.6875
2015/1/28,L5GE44,0.3372,-118.3438
2015/1/28,L5GE5D,0.5056,-117.3438
2015/1/28,L5GEFD,11.1185,-117.6771
2015/1/28,L5GEAF,0.0454,-117.6354
2015/1/28,L5GEAE,9.8977,-117.6563
2015/1/28,L5GE56,0.8104,-118.1875
2015/1/28,L5GE53,0.2565,-118.9792
2015/1/28,L5G24C,0.6941,-117.5833
2015/1/28,L57E75,0.0956,-113.3646
2015/1/28,L57EAC,0.7924,-117.2708
2015/1/28,L57EA0,0.0919,-113.7604
2015/1/28,L57257,5.1147,-117.0313
2015/1/28,L57EE8,2.7346,-113.8542
2015/1/28,L57252,0.5373,-113.1458
2015/1/28,L57E58,2.925,-116.9688
2015/1/28,L57E88,2.7809,-115.5625
2015/1/28,L57E11,1.8575,-103.6146
2015/1/28,L57E21,1.7775,-109.6979
2015/1/28,L57E83,1.6212,-115.6667
2015/1/28,L57EAC,13.702,-106.9271
2015/1/28,L57E21,0.6638,-114.1979
2015/1/28,L57EE8,2.0082,-117
2015/1/28,L57EE0,3.8189,-116.3438
2015/1/28,L57E83,2.5993,-114.4583
2015/1/28,L57EA0,0.5276,-117.3438
2015/1/28,L57EA0,0.4537,-114.0625
2015/1/28,L57EE1,0.5106,-116.2292
2015/1/28,L57EE8,0.3968,-117.3333
2015/1/28,L57EE8,1.0694,-113.8542
2015/1/28,L57EE8,1.1735,-114.2813
2015/1/28,L57EAA,6.087,-112.9479
2015/1/28,L57E75,0.9653,-116.6042
2015/1/28,L57E11,1.2541,-109.0938
2015/1/28,L57EB6,1.0979,-107.0938
2015/1/28,L57E45,1.2818,-109.0104
2015/1/28,L57EAA,1.1119,-117.2188
2015/1/28,L57257,1.8259,-106.3229
2015/1/28,L57E75,1.2597,-116.0521
2015/1/28,L59DA5,2.2136,-117.625
2015/1/28,L57E88,12.75,-103.75
2015/1/28,L57EAA,1.1812,-117.3438
2015/1/28,L57EB6,7.8366,-115.2604
2015/1/28,L59DA5,2.0173,-92.6146
2015/1/28,L57EAA,7.7873,-114
2015/1/28,L57EB6,3.3275,-110.3125
2015/1/28,L57EE0,2.7321,-115.8854
2015/1/28,L57EE1,0.9391,-111.3125
2015/1/28,L57EB6,3.2075,-115.875
2015/1/28,L57EE0,6.6538,-112.3646
2015/1/28,L57252,5.5345,-102.6042
2015/1/28,L57E83,0.043,-117.4063
2015/1/28,L57E75,0.1639,-117.5417
2015/1/28,L57E83,0.1707,-117
2015/1/28,L57EE1,4.1372,-103.4792
2015/1/28,L59DA5,1.4188,-95.0313
2015/1/28,L57257,3.24,-117.2813
2015/1/28,L57EA0,0.278,-117.3021
2015/1/28,L57257,1.1477,-117.2813
2015/1/28,L57252,2.0485,-116.5104
2015/1/28,L57EA0,5.218,-117.1042
2015/1/28,L57E88,7.0089,-116
2015/1/28,L57EE0,3.1082,-116.4271
2015/1/28,L57EE8,1.0827,-116.875
2015/1/28,L57EE0,1.323,-112.3125
2015/1/28,L59DA5,1.1701,-117.5208
2015/1/28,L57EE1,0.678,-115.5625
2015/1/28,L57EA0,9.0224,-112.3646
2015/1/28,L57E21,4.9754,-111.0208
2015/1/28,L57252,1.2306,-110.625
2015/1/28,L57257,5.603,-111.1667
2015/1/28,L57EAA,2.8941,-116.0729
2015/1/28,L57E75,0.7085,-114.3854
2015/1/28,L57EB6,0.1509,-117.3542
2015/1/28,L59DA5,0.8089,-98.2083
2015/1/28,L57E88,6.0658,-104.9792
2015/1/28,L57257,7.8973,-101.125
2015/1/28,L57EAA,3.5584,-113.2396
2015/1/28,L57EAC,3.9431,-105.0417
2015/1/28,L57EAC,3.3284,-115.9688
2015/1/28,L57EE0,6.6771,-111.1458
2015/1/28,L57E88,3.5264,-105.9375
2015/1/28,L57252,2.2021,-116.0833
2015/1/28,L57EAC,4.6908,-116.375
2015/1/28,L57EE1,1.5363,-117.4167
2015/1/28,L57252,8.046,-116.5625
2015/1/28,L57E11,6.0154,-107.2917
2015/1/28,L57E83,4.3139,-116.9479
2015/1/28,L59DA5,1.1937,-116.4688
2015/1/28,L57E88,4.6366,-114.3542
2015/1/28,L57EB6,0.3882,-107.9271
2015/1/28,L57E83,8.3409,-114.7917
2015/1/28,L57EE1,0.2364,-109.3854
2015/1/28,L57E75,0.7669,-116.9583
2015/1/28,L57EAC,6.937,-107.1875
2015/1/28,L57169,5.47,-105.1563
2015/1/28,L57EE6,2.3486,-95
2015/1/28,L57EBB,1.0536,-107.9167
2015/1/28,L57E18,9.7031,-111.5625
2015/1/28,L5GDCF,3.8784,-118.3646
2015/1/28,L57F00,4.0818,-117.2604
2015/1/28,L57E7A,1.9554,-106.5833
2015/1/28,LF57E60,1.9818,-117.3854
2015/1/28,L57169,4.7193,-116.7708
2015/1/28,L57E76,5.2302,-111.5521
2015/1/28,L5G276,3.4782,-117.2917
2015/1/28,L57E00,1.0999,-106.2292
2015/1/28,L57EB8,0.1106,-117.7604
2015/1/28,L57169,5.9766,-108.8333
2015/1/28,L57EBB,0.9127,-107.9896
2015/1/28,L57EC5,2.4347,-107.2188
2015/1/28,L57E88,11.3568,-107.0417
2015/1/28,L5GE04,0,0
2015/1/28,L5G274,1.5344,-118
2015/1/28,L5GDE4,0.1353,-118
2015/1/28,LF57E60,1.677,-114.0833
2015/1/28,L57EB8,0.1202,-101.5938
2015/1/28,L57E7A,6.6911,-117.25
2015/1/28,L57E7A,3.5839,-111.0208
2015/1/28,L57E18,14.7877,-100.7083
2015/1/28,L57F00,11.6361,-107.6771
2015/1/28,LF57E60,0.286,-113.625
2015/1/28,L57EE6,0.7117,-112.0521
2015/1/28,L5GDE0,0.2161,-118.3542
2015/1/28,L57EBB,6.1046,-116.3854
2015/1/28,L57169,3.2956,-117.0313
2015/1/28,LF57E60,2.7253,-116.5833
2015/1/28,L57EB8,0.2008,-117.6667
2015/1/28,L5GDF9,1.5031,-112.1771
2015/1/28,L57F00,0.3025,-117.2708
2015/1/28,L57EE6,0.3077,-112.9479
2015/1/28,L57E00,4.9818,-110.6875
2015/1/28,L57169,5.6352,-116.3021
2015/1/28,L57EBB,1.5132,-117.2083
2015/1/28,L5GE07,0.2655,-117.6146
2015/1/28,L57EBB,1.744,-116.2813
2015/1/28,L57EC5,1.2952,-102.9688
2015/1/28,L5GEC2,0.0002,-117.8958
2015/1/28,L57E76,4.5516,-116.7708
2015/1/28,L5GDE4,0.0059,-117.9896
2015/1/28,L5G277,0.0762,-118.3542
2015/1/28,L57EC5,0.6903,-106.0729
2015/1/28,L57EB8,0.0229,-108.5104
2015/1/28,L57EE6,0.2809,-117.4271
2015/1/28,L57EB8,0.455,-108.8438
2015/1/28,L57E88,3.5207,-115.9167
2015/1/28,LF57E60,6.9139,-116.1354
2015/1/28,L5GDD3,0.8404,-117.9167
2015/1/28,L57E18,3.5412,-109.125
2015/1/28,L5G0F3,0.1569,-116.9271
2015/1/28,L57E76,4.6252,-116.0521
2015/1/28,L57EC5,4.5217,-115.4167
2015/1/28,L57EC5,0.9739,-116.3854
2015/1/28,L57EE6,0.7501,-117.4271
2015/1/28,L57E00,8.8435,-114.0521
2015/1/28,L57EC5,3.2178,-116.7083
2015/1/28,L57169,6.7059,-101.3958
2015/1/28,L57F00,2.7388,-110.2813
2015/1/28,L5GDD1,1.0926,-118.0104
2015/1/28,L57EB8,0.1168,-117.9063
2015/1/28,L57E76,3.721,-115
2015/1/28,L5G2AA,0.0848,-118.5729
2015/1/28,L57E76,5.0864,-116.1875
2015/1/28,L57E7A,2.5084,-116.5833
2015/1/28,L57EE6,1.5299,-117.3333
2015/1/28,L5IC35,0.0222,-118
2015/1/28,L57E76,4.4033,-107.7083
2015/1/28,L57EBB,1.562,-107.0729
2015/1/28,L57E7A,2.1073,-116.3542
2015/1/28,L57E7A,7.3334,-108.1354
2015/1/28,L57F00,4.7164,-117.2292
2015/1/28,LF57E60,0.7487,-113.2917
2015/1/28,L57F00,6.3581,-108.9583
2015/1/28,L5GEF7,0.0715,-118.8021
2015/1/28,L5GEFA,0.634,-118.125
2015/1/28,L5GEF4,0.5925,-118.5313
2015/1/28,L5GEFE,13.3751,-117.6771
2015/1/28,L5GF07,0.1172,-117.0208
2015/1/28,L5GF04,26.757,-117.0938
2015/1/28,L5GDE1,0.0101,-118.8958
2015/1/28,L5GF07,0.0415,-117.8333
2015/1/28,L5GDEE,1.15,-118
2015/1/28,L5GED6,7.2704,-117.3854
2015/1/28,L5GE52,3.5266,-117.875
2015/1/28,L5G0BE,3.874,-117.2708
2015/1/28,L5G25E,16.915,-117.4688
2015/1/28,L5GEB0,1.8668,-118.1458
2015/1/28,L5GEAD,1.4354,-117.6042
2015/1/28,L5GE32,0.0262,-118.9792
2015/1/28,L5GE58,15.4642,-117.9792
2015/1/28,L5H605,2.5883,-117.5521
2015/1/28,L5GE46,0.1476,-118.7292
2015/1/28,L59E51,3.3132,-110.9271
2015/1/28,L57EAF,0.5061,-117.8021
2015/1/28,L57EF0,4.0515,-112.375
2015/1/28,L59D95,7.307,-115.2917
2015/1/28,L57EC6,2.3114,-117.3854
2015/1/28,L57E8A,3.8391,-111.3854
2015/1/28,L57EF0,4.7508,-117.2604
2015/1/28,L57E87,3.5672,-115.1042
2015/1/28,L57EFD,2.5826,-111.2292
2015/1/28,L57EF6,5.2572,-111.6042
2015/1/28,L57ECB,0.7297,-117.375
2015/1/28,L57264,1.3422,-116.3854
2015/1/28,L57EF3,0.6789,-111.5729
2015/1/28,L57ECB,0.9279,-116.9792
2015/1/28,L57E87,1.6734,-117.2188
2015/1/28,L57EAF,2.3864,-110.375
2015/1/28,L57EF0,3.5516,-114.5208
2015/1/28,L57EFD,3.3421,-116.3438
2015/1/28,L57E87,1.4994,-117.3333
2015/1/28,L57E87,3.3693,-116.9583
2015/1/28,L59E51,8.3546,-109.0417
2015/1/28,L57E87,3.2463,-113.4792
2015/1/28,L57ECB,0.9331,-114.7917
2015/1/28,L57EF6,7.5336,-115.8438
2015/1/28,L57EC6,4.7256,-113.8333
2015/1/28,L57EC6,6.2702,-113.3333
2015/1/28,L57E81,0.9953,-116.0833
2015/1/28,L57E8A,8.5835,-112.1354
2015/1/28,L57E81,1.727,-117
2015/1/28,L57E87,3.8732,-113.375
2015/1/28,L57264,2.1033,-116.5729
2015/1/28,L59D95,1.0724,-117.0625
2015/1/28,L57E6F,2.0071,-113.0729
2015/1/28,L57EFD,3.1791,-117.2396
2015/1/28,L57E81,2.5903,-116.1354
2015/1/28,L57E6F,2.9841,-107.1146
2015/1/28,L57EF6,3.9561,-116.0521
2015/1/28,L57E6F,1.0807,-117.4896
2015/1/28,L57EF0,2.4796,-116.5104
2015/1/28,L57EFD,1.9268,-111.4375
2015/1/28,L57E8A,2.1963,-114.625
2015/1/28,L57ECB,3.1924,-116.3229
2015/1/28,L57264,5.0818,-105.9583
2015/1/28,L57ECB,2.8192,-114.1979
2015/1/28,L57EF3,1.3711,-115.7917
2015/1/28,L57EF6,8.0822,-115.7708
2015/1/28,L59D95,2.1866,-111.3229
2015/1/28,L57EF0,6.0941,-114.3646
2015/1/28,L57E90,4.4912,-107.8021
2015/1/28,L57EF6,9.4765,-112.1979
2015/1/28,L57EFD,2.8941,-108.1146
2015/1/28,L57EFD,2.0358,-117.3333
2015/1/28,L57ED7,16.2714,-109.6042
2015/1/28,L57264,2.9453,-110.4063
2015/1/28,L57E81,8.0956,-114.7083
2015/1/28,L57EC6,3.0705,-117.2708
2015/1/28,L57E81,4.4207,-109.9063
2015/1/28,L59D95,2.2092,-112.0729
2015/1/28,L57264,0.6636,-107.7292
2015/1/28,L57ED7,3.4861,-113.875
2015/1/28,L59E51,3.5157,-112.4271
2015/1/28,L57EAF,3.8881,-117.0417
2015/1/28,L57EF3,3.0561,-111.1979
2015/1/28,L57E8A,0.8726,-117.2292
2015/1/28,L59E51,5.4304,-116.4375
2015/1/28,L57ECB,1.2873,-112.1354
2015/1/28,L57EAF,1.079,-110.5
2015/1/28,L57E6F,2.7378,-116.9583
2015/1/28,L57E81,1.4961,-101.1979
2015/1/28,L57EC6,1.5235,-117.3646
2015/1/28,L57E90,2.2613,-108.9792
2015/1/28,L57264,0.598,-117.3229
2015/1/28,L57E6F,0.7315,-116.0625
2015/1/28,L57EF3,3.4916,-116.9479
2015/1/28,L57EF3,3.2704,-117.0417
2015/1/28,L57ED7,8.7244,-111.25
2015/1/28,L59D95,2.5625,-112.75
2015/1/28,L57ED7,2.7645,-116.3854
2015/1/28,L59E51,2.4579,-116.2188
2015/1/28,L57E6F,5.1583,-112.7083
2015/1/28,L57EC6,3.5512,-109.6771
2015/1/28,L57EAF,4.0367,-113.3021
2015/1/28,L59E51,2.3217,-117.2396
2015/1/28,L57EF3,1.0908,-117
2015/1/28,L57ED7,3.3924,-117.0521
2015/1/28,L57EF0,1.1393,-117.3229
2015/1/28,L57E8A,1.1216,-116.9375
2015/1/28,L57E8A,3.598,-117.1875
2015/1/28,L57ED7,17.2322,-116.1667
2015/1/28,L57EAF,2.8973,-116.1354
2015/1/28,L57EF6,15.2834,-110.4167
2015/1/28,L59D95,6.2833,-115.1146
2015/1/28,L57E90,0.3591,-114.0417
2015/1/28,L57EEA,7.0795,-117.5
2015/1/28,L57EEA,4.2547,-117.2604
2015/1/28,L5G172,0,0
2015/1/28,LF57E5D,20.3425,-102.625
2015/1/28,L57EE2,1.9957,-116.4479
2015/1/28,L57253,2.7616,-116.9688
2015/1/28,L57253,2.4366,-116.3021
2015/1/28,LF57E5D,1.1821,-114.6354
2015/1/28,L5G275,0.0182,-118.0729
2015/1/28,L57253,11.3397,-104.5833
2015/1/28,L57EEA,5.5236,-115.1979
2015/1/28,L57EEA,8.8774,-113.0729
2015/1/28,L59B21,0,0
2015/1/28,L5G28D,0.8025,-118.0313
2015/1/28,L57F16,1.1309,-116.9896
2015/1/28,L57253,2.0266,-114.8333
2015/1/28,LF57E5D,7.4174,-102.8229
2015/1/28,L59B21,0,0
2015/1/28,L57253,4.494,-117.1354
2015/1/28,L5G275,5.2663,-117.8333
2015/1/28,L57251,4.2176,-107.1771
2015/1/28,L57251,0.8965,-117.2396
2015/1/28,L57EEA,11.3416,-113.0521
2015/1/28,L57251,2.7629,-108.9792
2015/1/28,L59B21,0,0
2015/1/28,L57E9F,6.1811,-112.2813
2015/1/28,L57F16,4.3544,-106.875
2015/1/28,L57EE2,1.3246,-117.1042
2015/1/28,L57253,11.4813,-108.4167
2015/1/28,L57E9F,6.6605,-112.2396
2015/1/28,L57EE2,1.3685,-111.5208
2015/1/28,L5G25E,0,-117.9896
2015/1/28,L57F16,0.79,-117.4583
2015/1/28,L57F16,0.2396,-117.6875
2015/1/28,LF57E5D,1.0437,-114.5729
2015/1/28,L5IC37,0.0404,-117.5521
2015/1/28,LF57E5D,1.2654,-110
2015/1/28,L57F16,20.0397,-108.7292
2015/1/28,L5H605,0,0
2015/1/28,L57EEA,3.5546,-117.3021
2015/1/28,L57F16,9.0179,-109.3958
2015/1/28,L57EE2,4.1485,-109.6146
2015/1/28,L57251,1.7928,-117.3958
2015/1/28,L57EE2,3.5936,-112.9583
2015/1/28,L57251,1.8639,-116.3438
2015/1/28,LF57E5D,9.4264,-114.8125
2015/1/28,L57E9F,0.5366,-113.0104
2015/1/28,L57251,2.9147,-111.7188
2015/1/28,L57EE2,3.2731,-117.1042
2015/1/29,L5GED5,5.512,-109.3542
2015/1/29,L5GED7,10.042,-117.5833
2015/1/29,L5GED8,5.1318,-117.1563
2015/1/29,L5GEC2,0.0403,-118.625
2015/1/29,L5GF03,4.3863,-117.5208
2015/1/29,L5G250,4.4171,-117.2188
2015/1/29,L5GE44,0.3848,-118.3646
2015/1/29,L5GE59,1.1415,-118
2015/1/29,L5GEAE,7.1428,-118.0417
2015/1/29,L5GEA7,0.2338,-118.4583
2015/1/29,L5GEF3,6.1244,-117.4688
2015/1/29,LE5G26B,12.0157,-117.3646
2015/1/29,L5GE48,1.0993,-118.1458
2015/1/29,L5GE5F,3.3449,-118.0625
2015/1/29,L5GE33,0.0404,-118.875
2015/1/29,L5GE84,0.1613,-118.5938
2015/1/29,L5GF02,6.838,-117.5938
2015/1/29,L5GEAF,0.629,-117.5625
2015/1/29,L5GF00,6.2025,-117.5208
2015/1/29,L5GF05,5.4068,-117.875
2015/1/29,L5G24C,0.5657,-117.6563
2015/1/29,L5GF02,7.5608,-117.4792
2015/1/29,L5GE45,0.0307,-118.2917
2015/1/29,L5GE47,3.1538,-118.9583
2015/1/29,L5GE5D,0.9157,-117.2396
2015/1/29,L5GEBF,0.0847,-114.4479
2015/1/29,L5GEFF,6.4617,-118
2015/1/29,L5GF06,3.386,-117.9688
2015/1/29,L5GEB2,1.1181,-118.1146
2015/1/29,L5GEFD,5.2477,-117.75
2015/1/29,L5GE2B,0.4451,-118.9375
2015/1/29,L5G0F3,26.352,-117.1563
2015/1/29,L5GE57,0.315,-118.8854
2015/1/29,L5ID2F,0.3814,-115.8958
2015/1/29,L5GE56,0.8829,-118.2188
2015/1/29,L5GEFC,1.322,-117.6146
2015/1/29,L5GE53,0.2428,-118.9271
2015/1/29,L5GE51,1.0723,-118
2015/1/29,L5GEAE,10.8104,-117.6563
2015/1/29,L57EE8,1.0325,-113.9271
2015/1/29,L57E88,2.9922,-105.3125
2015/1/29,L59DA5,0.7243,-116.5938
2015/1/29,L57EA0,4.0932,-117.1771
2015/1/29,L57EAA,6.4724,-113.9271
2015/1/29,L57EE8,2.3644,-117
2015/1/29,L57EE0,3.2799,-116.4792
2015/1/29,L57EB6,0.8959,-107.1875
2015/1/29,L57EB6,3.3927,-110.3125
2015/1/29,L57EB6,0.3679,-107.9167
2015/1/29,L57EAA,1.6051,-117.5
2015/1/29,L57EE1,3.8281,-103.0938
2015/1/29,L57EE8,1.421,-114.6667
2015/1/29,L57EB6,4.6753,-115.7604
2015/1/29,L57EE1,1.0647,-117.4167
2015/1/29,L57EE0,8.3384,-111.9583
2015/1/29,L57EAC,3.0826,-104.9896
2015/1/29,L57EE0,6.4963,-111.1354
2015/1/29,L57EA0,1.4041,-114.5833
2015/1/29,L57EAA,8.703,-112.2188
2015/1/29,L57EAA,5.0906,-116.1563
2015/1/29,L57EE0,3.0775,-116.7292
2015/1/29,L57E75,0.7121,-116.8542
2015/1/29,L57E83,5.2985,-117
2015/1/29,L57257,1.634,-105.875
2015/1/29,L57EA0,4.2917,-112.3333
2015/1/29,L57252,1.5167,-110.5729
2015/1/29,L57252,0.9446,-112.9688
2015/1/29,L57EAA,1.1385,-117.2396
2015/1/29,L57EAC,4.9909,-107.125
2015/1/29,L57EE0,1.7254,-111.8958
2015/1/29,L57E88,11.5644,-104.0521
2015/1/29,L57E11,1.9526,-103.4479
2015/1/29,L57E83,0.2142,-117
2015/1/29,L57252,2.967,-116.6563
2015/1/29,L57EB6,0.7356,-117.3229
2015/1/29,L59DA5,2.1382,-92.0938
2015/1/29,L57EE1,0.6913,-115.6667
2015/1/29,L57EA0,0.1748,-113.9583
2015/1/29,L57E83,2.5849,-114.4375
2015/1/29,L57E11,1.2318,-109.2813
2015/1/29,L59DA5,0.2569,-98.4375
2015/1/29,L57257,12.5702,-100.4688
2015/1/29,L57EAC,0.527,-117.25
2015/1/29,L57E88,2.5545,-114.4063
2015/1/29,L57EA0,0.5603,-117.3958
2015/1/29,L57E83,10.096,-115.0938
2015/1/29,L57EB6,7.8244,-115.3438
2015/1/29,L57257,4.6892,-117.25
2015/1/29,L57E58,2.9284,-117.0938
2015/1/29,L59DA5,0.876,-94.8438
2015/1/29,L59DA5,0.2719,-117.7813
2015/1/29,L57257,1.9363,-117.3646
2015/1/29,L57EE8,0.8992,-116.9479
2015/1/29,L57EAC,12.4416,-107.0521
2015/1/29,L57EE0,5.5901,-115.9479
2015/1/29,L59DA5,0.5724,-117.8854
2015/1/29,L57EE8,3.7595,-114.8021
2015/1/29,L57EAC,5.746,-116.3542
2015/1/29,L57E88,8.3056,-104.9271
2015/1/29,L57E75,0.4369,-117.0208
2015/1/29,L57E75,0.688,-116.0625
2015/1/29,L57E88,5.5152,-116.0521
2015/1/29,L57E88,3.6379,-115.4167
2015/1/29,L57EE1,1.5465,-111.2396
2015/1/29,L57252,4.7817,-102.8333
2015/1/29,L57EE1,0.6867,-116.3333
2015/1/29,L57EAC,3.8727,-116.0521
2015/1/29,L57E75,0.3694,-117.6771
2015/1/29,L57EA0,0.1506,-117.3542
2015/1/29,L57257,4.3117,-110.9792
2015/1/29,L57E83,1.592,-115.5521
2015/1/29,L57252,2.9024,-116.0104
2015/1/29,L57E75,0.1832,-113.3542
2015/1/29,L57E75,0.5163,-113.9271
2015/1/29,L57E11,6.1135,-107.5521
2015/1/29,L57257,1.1322,-117.1354
2015/1/29,L57EE8,0.2797,-117.3854
2015/1/29,L57EE1,0.1472,-109.2188
2015/1/29,L57252,8.0873,-116.7708
2015/1/29,L57EAA,3.2562,-113.1979
2015/1/29,L57E83,0.1158,-117.6146
2015/1/29,L57EB8,0.0337,-108.2813
2015/1/29,L57F00,6.9124,-108.9271
2015/1/29,L5GDD3,2.8245,-117.7917
2015/1/29,L5GE07,0.1459,-117.25
2015/1/29,L57EC5,0.4542,-106.7708
2015/1/29,L57169,6.2183,-104.8958
2015/1/29,LF57E60,1.23,-114.0833
2015/1/29,L57F00,8.3071,-107.7188
2015/1/29,L57EBB,1.5697,-117.2188
2015/1/29,L57E21,1.617,-109.5104
2015/1/29,L57EE6,1.2821,-117.3854
2015/1/29,L57EC5,3.2235,-115.6042
2015/1/29,L57E21,1.089,-114.3021
2015/1/29,L57EB8,0.0241,-100.375
2015/1/29,LF57E60,1.0641,-113.7292
2015/1/29,L57EC5,2.9967,-116.7604
2015/1/29,L57EBB,0.8468,-108.0938
2015/1/29,L5IC35,0.0275,-118
2015/1/29,L57EB8,0.3299,-109.6563
2015/1/29,L5GDD1,1.8491,-118.0417
2015/1/29,L57EBB,5.1418,-116.4792
2015/1/29,L57E18,14.6912,-100.8646
2015/1/29,L57E76,3.5928,-115
2015/1/29,L57E21,9.8038,-110.8229
2015/1/29,L5GDE4,0.0064,-117.9583
2015/1/29,L57EB8,0.183,-117.9375
2015/1/29,L57E00,0.811,-106.4688
2015/1/29,L57E00,4.4376,-111.0104
2015/1/29,L57EE6,3.0756,-95.3958
2015/1/29,L5G276,2.8255,-117.4063
2015/1/29,L57F00,2.7833,-117.25
2015/1/29,L57E18,8.8055,-112.5208
2015/1/29,L57EBB,1.4467,-106.9688
2015/1/29,L5GDCF,4.7721,-118.4688
2015/1/29,L57169,6.3446,-116.3646
2015/1/29,L5G2AA,0.1553,-118.6667
2015/1/29,L57E45,2.3459,-109.6875
2015/1/29,L57E7A,14.967,-107.6563
2015/1/29,L57E76,3.1448,-116.5625
2015/1/29,L57169,6.1421,-101.3958
2015/1/29,L57E7A,1.7115,-105.8229
2015/1/29,L5GDE0,0.3111,-118.2813
2015/1/29,L5GDE4,0.084,-118
2015/1/29,L57EB8,0.0283,-118
2015/1/29,LF57E60,1.1906,-113.3229
2015/1/29,L5GDF9,3.0153,-114.0208
2015/1/29,L57F00,4.2261,-117.3021
2015/1/29,L57EE6,0.9687,-117.4063
2015/1/29,L57E76,5.8878,-107.6979
2015/1/29,L57169,8.1966,-116.8021
2015/1/29,LF57E60,7.0819,-116.0208
2015/1/29,L57E76,5.5071,-111.5208
2015/1/29,L57E00,5.3515,-114.1771
2015/1/29,L5GE04,0,0
2015/1/29,L57EE6,0.6506,-117.4479
2015/1/29,L57EBB,1.3777,-108.6563
2015/1/29,L57E7A,1.6548,-116.6771
2015/1/29,L57E76,2.532,-116.9271
2015/1/29,L57EB8,0.0855,-117.9375
2015/1/29,L57E7A,5.0028,-111.0729
2015/1/29,L5G0F3,0.0938,-116.9583
2015/1/29,L57EC5,2.1995,-103.3646
2015/1/29,L57EBB,1.1087,-116.2813
2015/1/29,L57E88,4.9577,-115.9271
2015/1/29,L57F00,1.3316,-117.2813
2015/1/29,L57E76,3.5856,-116.2292
2015/1/29,L57F00,3.4624,-110.2396
2015/1/29,L57E18,5.1877,-109.0833
2015/1/29,L5G274,0.5315,-117.9688
2015/1/29,L57EC5,1.7918,-107.7604
2015/1/29,L57E7A,6.0536,-117.3542
2015/1/29,LF57E60,0.6613,-117.4375
2015/1/29,L57E7A,1.5727,-116.4688
2015/1/29,L57169,8.9655,-108.5625
2015/1/29,L57169,2.9783,-117.0521
2015/1/29,L57EC5,1.619,-116.3854
2015/1/29,L57EE6,1.0029,-111.5938
2015/1/29,L5GEC2,0.0002,-117.9375
2015/1/29,L57E88,12.7775,-106.7604
2015/1/29,LF57E60,2.4219,-116.4583
2015/1/29,L5G277,0.1736,-118.375
2015/1/29,L57EE6,0.5641,-113.1875
2015/1/29,L5GEF7,0.0592,-118.9063
2015/1/29,L5GF04,13.2105,-117.2292
2015/1/29,L5GEF4,1.1709,-118.5833
2015/1/29,L5GF07,0.0845,-117.0208
2015/1/29,L5GEFA,0.2195,-118.2917
2015/1/29,L5GEFE,9.3404,-117.9583
2015/1/29,L5GDE1,0.0203,-118.9375
2015/1/29,L5GF07,0.0132,-117.9271
2015/1/29,L5GDEE,1.1716,-117.9896
2015/1/29,L5GED6,8.4863,-117.9063
2015/1/29,L57E81,0.9471,-101.4271
2015/1/29,L57ED7,14.1426,-109.3854
2015/1/29,L57E90,2.9356,-108.7083
2015/1/29,L57EF0,4.024,-117.2917
2015/1/29,L57E87,7.3666,-113.2708
2015/1/29,L57EF0,3.7857,-116.5729
2015/1/29,L59D95,5.6649,-115.3958
2015/1/29,L5GEAD,1.2093,-117.5417
2015/1/29,L57ED7,5.9674,-110.875
2015/1/29,L57ED7,3.2082,-117.2188
2015/1/29,L57EF0,6.2118,-112.2292
2015/1/29,L57E90,0.5346,-113.6979
2015/1/29,L57E8A,4.0898,-111.1563
2015/1/29,L57E81,10.0734,-114.3958
2015/1/29,L57E81,1.5004,-116.2188
2015/1/29,L57EF0,1.5319,-117.2708
2015/1/29,L57EF0,3.9591,-114.2083
2015/1/29,L57E87,0.8338,-117.3854
2015/1/29,L57E87,1.6481,-117.2917
2015/1/29,L57E8A,5.8477,-112.4167
2015/1/29,L57E81,4.1023,-116.7083
2015/1/29,L57E81,7.4999,-110.0313
2015/1/29,L59D95,3.5707,-112.9063
2015/1/29,L57ED7,13.2352,-116.3021
2015/1/29,L59D95,3.4308,-111.8542
2015/1/29,L57E90,6.638,-107.5625
2015/1/29,L57ED7,3.3864,-116.625
2015/1/29,L5GE46,0.1544,-118.7396
2015/1/29,L5G0BE,4.4565,-117.4583
2015/1/29,L57E81,1.7999,-117.2188
2015/1/29,L5H605,3.675,-117.5417
2015/1/29,L57ED7,4.1146,-113.6458
2015/1/29,L5GE32,0.0513,-118.9583
2015/1/29,L57E8A,0.547,-117.3229
2015/1/29,L57EF0,4.6211,-114.4792
2015/1/29,L57E87,2.1322,-113.1667
2015/1/29,L5GE58,32.7194,-118
2015/1/29,L57E8A,1.667,-116.9375
2015/1/29,L5G25E,16.9987,-117.5
2015/1/29,L57E87,8.3249,-115.1042
2015/1/29,L59D95,1.8564,-111.4583
2015/1/29,L57E8A,1.5052,-114.625
2015/1/29,L57E87,1.8224,-117.1771
2015/1/29,L57E8A,4.4635,-117.2917
2015/1/29,L59D95,7.6365,-115.375
2015/1/29,L5GEB0,0.2439,-118.0313
2015/1/29,L5GE52,1.3074,-117.9896
2015/1/29,L59D95,0.9613,-117.125
2015/1/29,L57EFD,3.6739,-116.4375
2015/1/29,L57EF6,8.1866,-115.8854
2015/1/29,L59E51,2.887,-116.1042
2015/1/29,L57ECB,1.0339,-117.4583
2015/1/29,LF57E5D,17.641,-103.1667
2015/1/29,L57EFD,2.0855,-110.9688
2015/1/29,L59E51,8.7101,-109.1875
2015/1/29,L57EAF,0.5778,-110.4375
2015/1/29,L57E6F,1.0794,-117.5313
2015/1/29,L57EFD,2.5006,-111.3542
2015/1/29,L57EF3,2.2981,-116.9479
2015/1/29,L57264,2.1746,-110.5729
2015/1/29,L57EC6,7.4912,-113.4792
2015/1/29,L59E51,2.3398,-117.1875
2015/1/29,L57EF6,6.4512,-112.1042
2015/1/29,L57EFD,1.7765,-107.8333
2015/1/29,L57ECB,2.9952,-112.2292
2015/1/29,L57EF3,2.3834,-117
2015/1/29,L57EF3,3.6345,-111.0417
2015/1/29,LF57E5D,7.402,-114.7917
2015/1/29,L57EFD,3.1365,-117.2083
2015/1/29,L57EAF,3.5023,-116.1875
2015/1/29,L57ECB,1.1175,-114.5521
2015/1/29,L57264,0.287,-117.3854
2015/1/29,L57EF3,0.8304,-111.4167
2015/1/29,L57264,4.1158,-105.5208
2015/1/29,L57EFD,2.4296,-117.3229
2015/1/29,L57EAF,6.3318,-117.0313
2015/1/29,L57264,0.917,-116.6146
2015/1/29,LF57E5D,0.8561,-114.3958
2015/1/29,L57EF6,5.9542,-112.5
2015/1/29,L57E6F,0.8155,-116
2015/1/29,L57E6F,0.8596,-116.9271
2015/1/29,L57ECB,3.5346,-114.0313
2015/1/29,L57EF6,15.6998,-110.6979
2015/1/29,L57EAF,4.0602,-113.0313
2015/1/29,L57EC6,4.353,-117.3021
2015/1/29,L59E51,5.0715,-110.6979
2015/1/29,L57EF6,3.9962,-116.0833
2015/1/29,L57EC6,4.8553,-114.0208
2015/1/29,L57EC6,2.9456,-110.2083
2015/1/29,L57EC6,0.9392,-117.4063
2015/1/29,L57E6F,2.9702,-109.0417
2015/1/29,L57EF3,3.5603,-117.1146
2015/1/29,L57ECB,0.6602,-116.8646
2015/1/29,L57EAF,2.9095,-110.3854
2015/1/29,L57E6F,3.9246,-108.6979
2015/1/29,L57E6F,3.0243,-97.9271
2015/1/29,L57EF3,1.1416,-115.8646
2015/1/29,L59E51,4.5967,-116.4688
2015/1/29,LF57E5D,0.8308,-114.6667
2015/1/29,L57ECB,2.4403,-116.375
2015/1/29,LF57E5D,8.5413,-103.0625
2015/1/29,L57EC6,1.9751,-117.3854
2015/1/29,L57264,2.084,-116.7292
2015/1/29,L57264,0.1243,-107.2604
2015/1/29,L59E51,4.4392,-112.2708
2015/1/29,L57EF6,6.5081,-116.0313
2015/1/29,LF57E5D,1.125,-110.0521
2015/1/29,L57EAF,0.4248,-117.8542
2015/1/29,L57253,11.9557,-104.6146
2015/1/29,L57EE2,3.0282,-113.0938
2015/1/29,L59B21,0,0
2015/1/29,L57EE2,3.5675,-117.0938
2015/1/29,L5H605,0,0
2015/1/29,L57E9F,9.7051,-111.875
2015/1/29,L57EE2,1.3945,-117.1563
2015/1/29,L5IC37,0.0836,-117.6875
2015/1/29,L5G172,0,0
2015/1/29,L57253,13.6926,-108.3125
2015/1/29,L5G275,2.26,-117.7396
2015/1/29,L5G25E,0,-118
2015/1/29,L57EEA,7.0858,-113.2604
2015/1/29,L57EEA,1.7748,-117.2813
2015/1/29,L57251,0.7925,-117.2188
2015/1/29,L57253,3.1137,-116.2188
2015/1/29,L59B21,0,0
2015/1/29,L57251,2.1511,-109.0208
2015/1/29,L57EEA,3.336,-117.2917
2015/1/29,L57EEA,3.249,-115.1771
2015/1/29,L57F16,0.3595,-117.3229
2015/1/29,L57F16,0.4263,-117.4063
2015/1/29,L5G28D,0.8099,-118.0313
2015/1/29,L57F16,9.0256,-109.25
2015/1/29,L57F16,3.8104,-106.5417
2015/1/29,L57EE2,2.6867,-116.4583
2015/1/29,L57EEA,2.0351,-117.4583
2015/1/29,L59B21,0,0
2015/1/29,L57251,1.9904,-116.3646
2015/1/29,L57E9F,7.1859,-112.3333
2015/1/29,L57251,4.4718,-106.9063
2015/1/29,L57253,5.2213,-116.9479
2015/1/29,L57F16,1.2339,-116.9896
2015/1/29,L57253,3.7782,-116.9063
2015/1/29,L57EEA,12.9893,-113.2188
2015/1/29,L57251,2.4372,-111.9688
2015/1/29,L57EE2,6.2647,-109.6354
2015/1/29,L5G275,0.0164,-118.0833
2015/1/29,L57251,1.6336,-117.5
2015/1/29,L57253,2.775,-115.0521
2015/1/29,L57F16,19.9139,-108.5104
2015/1/29,L57E9F,0.9567,-112.9583
2015/1/29,L57EE2,1.8059,-111.4479
2015/1/30,L5GED7,11.0037,-117.4688
2015/1/30,L5GED5,5.7321,-109.2917
2015/1/30,L5GED8,6.0907,-117.1771
2015/1/30,L5GF06,2.1206,-117.8958
2015/1/30,L5GF02,2.383,-117.5938
2015/1/30,L5GEAE,15.0959,-117.6563
2015/1/30,L5GE59,0.5597,-118
2015/1/30,LE5G26B,11.518,-117.1458
2015/1/30,L5GE53,0.0854,-118.9583
2015/1/30,L5GEBF,0.0623,-114.2083
2015/1/30,L5GEFF,2.7248,-118.0208
2015/1/30,L5GE44,0.4312,-118.3333
2015/1/30,L5GEC2,0.083,-118.5729
2015/1/30,L5GEB2,1.3824,-118.0833
2015/1/30,L5GE33,0.0875,-118.875
2015/1/30,L5GEA7,0.14,-118.4479
2015/1/30,L5GF05,4.3634,-117.9271
2015/1/30,L5GF00,4.8345,-117.9063
2015/1/30,L5GE84,0.1855,-118.75
2015/1/30,L5G24C,0.505,-117.6563
2015/1/30,L5GE2B,0.4829,-118.9063
2015/1/30,L5GE45,0.4092,-118.0938
2015/1/30,L5GEAE,9.5599,-117.9167
2015/1/30,L5G0F3,16.9324,-117.0521
2015/1/30,L5GEFD,3.9573,-117.9583
2015/1/30,L5GF03,5.1915,-117.5729
2015/1/30,L5GE48,3.3757,-118.0208
2015/1/30,L5GE51,0.7671,-118
2015/1/30,L5GEF3,3.6932,-117.3229
2015/1/30,L5G250,1.3687,-117.4271
2015/1/30,L5GE47,4.1919,-118.5625
2015/1/30,L5GEFC,1.6236,-117.625
2015/1/30,L5GE5F,3.6692,-118.0833
2015/1/30,L5GF02,4.2073,-117.4792
2015/1/30,L5ID2F,0.5778,-115.9167
2015/1/30,L5GE5D,0.5477,-117.3333
2015/1/30,L5GE57,0.05,-118.9688
2015/1/30,L5GEAF,0.1306,-117.6042
2015/1/30,L5GE56,0.4278,-118.1771
2015/1/30,L57EE1,0.4045,-116.2813
2015/1/30,L57EE1,0.6654,-111.5521
2015/1/30,L57E58,9.4046,-117.0313
2015/1/30,L59DA5,1.0817,-92.9688
2015/1/30,L57E88,2.6378,-114.2292
2015/1/30,L57E11,1.2956,-109.2917
2015/1/30,L57EE0,2.9248,-115.9792
2015/1/30,L57E11,2.7305,-103.3229
2015/1/30,L57EAC,4.3273,-116.3229
2015/1/30,L57EA0,5.1692,-112.2396
2015/1/30,L57EE0,7.6537,-111.2396
2015/1/30,L57EE8,0.2886,-117.3438
2015/1/30,L57EE8,1.8378,-117.0104
2015/1/30,L57252,1.9076,-110.4271
2015/1/30,L57252,0.3838,-113.25
2015/1/30,L57257,0.8715,-117.2188
2015/1/30,L57EB6,0.3134,-117.3021
2015/1/30,L57EE8,0.7445,-116.5833
2015/1/30,L57EE1,0.4913,-115.375
2015/1/30,L57EB6,3.6002,-115.7708
2015/1/30,L59DA5,0.3078,-98.375
2015/1/30,L57EE1,0.6787,-109.6667
2015/1/30,L57E88,12.091,-103.7604
2015/1/30,L57EB6,3.2337,-110.6146
2015/1/30,L57EA0,0.4423,-117.3125
2015/1/30,L57EA0,0.4499,-117.3646
2015/1/30,L57EAC,4.0557,-107.4375
2015/1/30,L57257,1.5808,-107.3333
2015/1/30,L57EE8,1.1245,-113.7708
2015/1/30,L57EE1,4.428,-103.1979
2015/1/30,L57252,5.4926,-115.9688
2015/1/30,L57EE0,2.007,-112.3021
2015/1/30,L57EE8,2.0634,-114.3438
2015/1/30,L59DA5,0.2461,-117.7813
2015/1/30,L57E75,0.9673,-116.5938
2015/1/30,L57EE0,2.634,-116.3854
2015/1/30,L57E83,1.015,-115.6458
2015/1/30,L57EAC,2.7267,-116.0208
2015/1/30,L57E11,5.5217,-107.5208
2015/1/30,L57EAA,2.7287,-113.4167
2015/1/30,L57EE0,5.9693,-112.1563
2015/1/30,L57EB6,0.9094,-107
2015/1/30,L59DA5,0.6425,-116.4479
2015/1/30,L57EAA,0.9785,-117.4063
2015/1/30,L57E21,1.3931,-114.5833
2015/1/30,L57257,4.0436,-111.0729
2015/1/30,L57EAA,6.5628,-114.1042
2015/1/30,L57EAC,11.547,-106.8125
2015/1/30,L57EA0,4.4126,-117.0417
2015/1/30,L57E75,0.2967,-116.8542
2015/1/30,L57EB6,6.9265,-115.1354
2015/1/30,L57E88,1.8031,-105.4271
2015/1/30,L57EAC,0.8015,-117.2396
2015/1/30,L57E83,0.3821,-117
2015/1/30,L57EE1,1.5342,-117.2917
2015/1/30,L57252,5.2269,-106.7188
2015/1/30,L57257,9.8732,-102.6771
2015/1/30,L57E75,0.4412,-116.0104
2015/1/30,L57E88,4.249,-115.9479
2015/1/30,L57E21,6.5723,-110.9479
2015/1/30,L57EAA,3.0217,-115.9792
2015/1/30,L57EAA,1.3545,-117.3021
2015/1/30,L57EE0,2.8138,-116.6458
2015/1/30,L57E75,0.6606,-114.0313
2015/1/30,L57EB6,0.5148,-107.7604
2015/1/30,L57EA0,0.6709,-114.4688
2015/1/30,L57E88,6.3498,-105
2015/1/30,L57252,4.1642,-116.6875
2015/1/30,L57E83,4.67,-116.9375
2015/1/30,L57E83,7.9707,-115.0313
2015/1/30,L57EA0,0.5869,-113.9271
2015/1/30,L57E83,1.9681,-114.3854
2015/1/30,L59DA5,1.1106,-117.9271
2015/1/30,L57EE8,3.2495,-114.6146
2015/1/30,L57EAA,7.7452,-112.0104
2015/1/30,L57257,4.2663,-117.2396
2015/1/30,L59DA5,1.9323,-94.8646
2015/1/30,L57E88,3.4323,-115.6979
2015/1/30,L57E83,0.3674,-117.5
2015/1/30,L57252,7.6995,-116.5104
2015/1/30,L57E75,0.0495,-113.3958
2015/1/30,L57E21,1.9665,-109.5417
2015/1/30,L57E75,0.1021,-117.4688
2015/1/30,L57EAC,5.1671,-107.7396
2015/1/30,L57257,1.2863,-117.3125
2015/1/30,L5G2AA,0.1743,-118.5938
2015/1/30,L5G0F3,0.0562,-116.8958
2015/1/30,L57EC5,3.9674,-115.5104
2015/1/30,L57E7A,3.3154,-117.2917
2015/1/30,L57EC5,1.2103,-104.6979
2015/1/30,L57E7A,5.4829,-111.0521
2015/1/30,L57EC5,0.3492,-106.7917
2015/1/30,L57EE6,1.0535,-111.7708
2015/1/30,L57E00,1.3483,-106.5625
2015/1/30,L57E76,1.9396,-116.9479
2015/1/30,L5GDF9,2.9822,-114.0104
2015/1/30,L57E45,1.3084,-109.9583
2015/1/30,L57E76,2.4758,-116.5833
2015/1/30,L57F00,15.7762,-107.8021
2015/1/30,L57169,1.5448,-117.0729
2015/1/30,L57EBB,1.3439,-117.0625
2015/1/30,L57E76,4.718,-115.1042
2015/1/30,LF57E60,1.6318,-113.3646
2015/1/30,L57E7A,1.9325,-116.5417
2015/1/30,L57F00,4.2272,-110.9167
2015/1/30,L57E88,14.7242,-106.9375
2015/1/30,L57EBB,0.7308,-108.125
2015/1/30,L57E7A,6.0423,-108.1563
2015/1/30,L57EB8,0.0823,-117.9375
2015/1/30,L5GDE4,0.1589,-118
2015/1/30,L57EB8,0.2609,-109.0417
2015/1/30,L57169,8.9623,-105.1667
2015/1/30,L57E76,3.2262,-107.5729
2015/1/30,L57EBB,4.1774,-107.3646
2015/1/30,L57E7A,1.8489,-116.3854
2015/1/30,L57E76,4.0179,-111.5104
2015/1/30,L57EB8,0.0276,-108.6563
2015/1/30,LF57E60,1.8235,-116.4063
2015/1/30,L57EC5,1.1022,-116.3542
2015/1/30,L5G276,1.2183,-117.3438
2015/1/30,LF57E60,0.5415,-117.3646
2015/1/30,L57EBB,1.1651,-116.3333
2015/1/30,L5GE04,0,0
2015/1/30,L57169,7.3209,-116.5833
2015/1/30,L57EC5,0.5605,-107.7396
2015/1/30,L57E00,4.9011,-111.0729
2015/1/30,L57EB8,0.3112,-117.8854
2015/1/30,L5GDD1,0.9571,-118
2015/1/30,L57F00,8.4919,-109.2292
2015/1/30,L57EB8,0.0563,-118
2015/1/30,L5G277,0.0612,-118.5104
2015/1/30,L57EE6,0.047,-117.5104
2015/1/30,L5GDE4,0.0022,-117.9688
2015/1/30,L57E00,3.113,-114.0521
2015/1/30,L57EC5,3.4361,-116.6563
2015/1/30,L57E88,3.2588,-115.8854
2015/1/30,L5GDD3,1.0704,-117.8542
2015/1/30,L57EE6,0.656,-117.3438
2015/1/30,L57EB8,0.0285,-101.4792
2015/1/30,L5G274,0.4589,-117.7917
2015/1/30,L5GE07,0.2117,-117.5938
2015/1/30,L57E18,15.3314,-100.4167
2015/1/30,L57E76,2.4981,-116.3229
2015/1/30,L5GEC2,0.0003,-117.8958
2015/1/30,L57F00,0.5408,-117.2813
2015/1/30,LF57E60,6.9652,-115.8854
2015/1/30,L57E18,2.9787,-109.1979
2015/1/30,L5IC35,0.0263,-118
2015/1/30,L57EBB,1.1053,-108.0208
2015/1/30,LF57E60,0.818,-113.5625
2015/1/30,L57169,7.4938,-108.9375
2015/1/30,L5GDE0,0.2893,-118.2813
2015/1/30,L57EE6,0.5151,-117.4063
2015/1/30,L57169,7.73,-101.5417
2015/1/30,L57F00,3.0012,-117.2396
2015/1/30,L57EE6,0.2367,-113.8438
2015/1/30,L57EE6,1.3972,-96.1667
2015/1/30,L57F00,6.6617,-117.3021
2015/1/30,LF57E60,1.2373,-114.2604
2015/1/30,L57E18,6.1061,-112.1146
2015/1/30,L57EBB,3.7047,-116.375
2015/1/30,L5GDCF,4.1648,-118.4167
2015/1/30,L57169,5.4575,-116.2917
2015/1/30,L57E7A,1.774,-106.4167
2015/1/30,L5GEFA,0.7734,-118.2604
2015/1/30,L5GF07,0.0522,-117.1354
2015/1/30,L5GEF4,0.1919,-118.5833
2015/1/30,L5GEFE,6.9779,-117.9583
2015/1/30,L5GEF7,0.3898,-118.9063
2015/1/30,L5GF04,7.4821,-117.5208
2015/1/30,L5GF07,0.0154,-117.9792
2015/1/30,L5GDE1,0.0044,-118.8542
2015/1/30,L5GDEE,0.8471,-117.8333
2015/1/30,L5GED6,11.0699,-117.6875
2015/1/30,L5GE46,0.1188,-118.6875
2015/1/30,L57E8A,3.258,-112.4375
2015/1/30,L57E8A,1.5616,-114.8854
2015/1/30,L57E8A,3.7612,-111.3646
2015/1/30,L57EF0,4.1921,-112.1667
2015/1/30,L57EF0,0.6153,-117.3229
2015/1/30,L57EF0,4.2215,-116.5
2015/1/30,L57E8A,1.039,-116.9688
2015/1/30,L57E8A,3.2234,-117.2708
2015/1/30,L5G25E,17.7001,-117.5
2015/1/30,L57E81,5.5256,-114.5417
2015/1/30,L5H605,4.3487,-117.5313
2015/1/30,L57EF0,4.0206,-114.4688
2015/1/30,L57E81,0.4679,-101.1354
2015/1/30,L5GE52,1.4326,-117.9688
2015/1/30,L57EF0,3.9361,-114.1771
2015/1/30,L5GE32,0.0866,-118.9583
2015/1/30,L5GEB0,0.4472,-118.1771
2015/1/30,L57E81,7.5868,-110.1771
2015/1/30,L57E8A,0.3641,-117.3125
2015/1/30,L5GE58,20.0837,-118
2015/1/30,L57E81,2.98,-117.2188
2015/1/30,L57E81,6.3711,-116.6563
2015/1/30,L57E81,0.9262,-116.2813
2015/1/30,L5G0BE,1.9258,-117.4375
2015/1/30,L5GEAD,1.1523,-117.4896
2015/1/30,L57EF0,3.2968,-117.2083
2015/1/30,L57E87,4.5515,-113.2708
2015/1/30,L59D95,6.7338,-115.0833
2015/1/30,L57EC6,2.6007,-117.3542
2015/1/30,L57ED7,9.9197,-109.4583
2015/1/30,L59E51,2.0904,-116.1563
2015/1/30,L57E90,1.173,-113.7917
2015/1/30,L57EAF,3.8399,-110.625
2015/1/30,L57EFD,3.08,-117.2396
2015/1/30,L57E6F,0.5985,-117.4792
2015/1/30,L57ED7,2.5116,-116.4583
2015/1/30,L57E87,0.9608,-117.3125
2015/1/30,L57ECB,0.9907,-116.8125
2015/1/30,L57E87,2.0516,-116.9271
2015/1/30,L57EAF,5.3358,-116.8958
2015/1/30,L57EF6,7.8084,-112.7708
2015/1/30,L57EAF,0.1938,-117.6667
2015/1/30,L57EC6,3.2086,-113.9375
2015/1/30,L59E51,3.8014,-116.3229
2015/1/30,L57EFD,1.1445,-116.3854
2015/1/30,L57EC6,7.1189,-113.4792
2015/1/30,L57EF6,4.5638,-115.9375
2015/1/30,L59D95,2.8102,-113.0313
2015/1/30,L59E51,4.4283,-111.9375
2015/1/30,L57ECB,1.4089,-114.7604
2015/1/30,L57EF3,0.8222,-112.8438
2015/1/30,L57EC6,2.2425,-117.3438
2015/1/30,L57EAF,0.8362,-110.7708
2015/1/30,L57264,1.5342,-116.5208
2015/1/30,L57EF6,18.1086,-110.6458
2015/1/30,L57EFD,1.7226,-117.2813
2015/1/30,L57EFD,1.5881,-111.3021
2015/1/30,L57E6F,4.4079,-103.8229
2015/1/30,L57EFD,2.2856,-108.3854
2015/1/30,L57ECB,3.5056,-114.4688
2015/1/30,L57E6F,0.9687,-117.1146
2015/1/30,L57ECB,1.4254,-113.1563
2015/1/30,L57ED7,5.7597,-111.2292
2015/1/30,L57E6F,0.6428,-116.0208
2015/1/30,L57ED7,2.5531,-113.6771
2015/1/30,L59E51,4.067,-110.6771
2015/1/30,L57264,2.3029,-110.6354
2015/1/30,L57E90,3.3871,-110.1979
2015/1/30,L57ECB,1.1971,-117.3958
2015/1/30,L57EF3,2.953,-117.0208
2015/1/30,L57EC6,3.1966,-109.8229
2015/1/30,L57ED7,2.5426,-117.0625
2015/1/30,L59E51,5.9949,-108.9792
2015/1/30,L59D95,7.8099,-115.1563
2015/1/30,L57E6F,1.8332,-103.6146
2015/1/30,L57EF3,0.9031,-115.9583
2015/1/30,L57EF3,1.1112,-116.9896
2015/1/30,L57264,0.1273,-107.8542
2015/1/30,L57264,1.3781,-116.3958
2015/1/30,L57ECB,2.8775,-116.3021
2015/1/30,L57264,0.1861,-117.3333
2015/1/30,L57EFD,4.6942,-111.6875
2015/1/30,L57EAF,3.6172,-116.0938
2015/1/30,L59D95,2.5438,-112.3229
2015/1/30,L57E87,1.1245,-117.2813
2015/1/30,L57EF3,3.2335,-112.3542
2015/1/30,L57EC6,1.5798,-117.3646
2015/1/30,L57EF6,4.3352,-112.4896
2015/1/30,L57E87,4.2684,-115.2188
2015/1/30,L57EF6,5.2892,-115.75
2015/1/30,L57EAF,3.9567,-113.2708
2015/1/30,L59D95,0.6227,-116.9063
2015/1/30,L57ED7,9.4788,-116.0625
2015/1/30,L57E6F,1.1336,-88.6563
2015/1/30,L57E90,4.5524,-108.6979
2015/1/30,L59D95,1.9482,-111.2708
2015/1/30,L59E51,1.951,-117.25
2015/1/30,L57264,3.6611,-106.1771
2015/1/30,L57EF3,1.5471,-117.0417
2015/1/30,L57EF6,6.6955,-115.75
2015/1/30,L57E87,2.8953,-113.5521
2015/1/30,L57EEA,13.9648,-113.1146
2015/1/30,L57EEA,6.7054,-113.3542
2015/1/30,L5H605,0,0
2015/1/30,L5G275,1.6968,-117.7188
2015/1/30,L57251,0.8115,-117.2083
2015/1/30,LF57E5D,15.4476,-102.9375
2015/1/30,L59B21,0,0
2015/1/30,LF57E5D,8.7756,-114.6354
2015/1/30,L57253,1.4189,-116.3229
2015/1/30,L57F16,19.8737,-108.5729
2015/1/30,L5G25E,0,-117.9688
2015/1/30,L59B21,0,0
2015/1/30,L57E9F,0.5743,-112.9063
2015/1/30,L57EE2,1.3236,-111.8021
2015/1/30,L57251,1.9016,-109.7708
2015/1/30,L57EEA,4.9606,-117.2917
2015/1/30,L5G28D,1.0078,-118.0104
2015/1/30,L57253,10.2844,-109.1354
2015/1/30,L57251,3.7629,-106.8958
2015/1/30,LF57E5D,2.0647,-114.3646
2015/1/30,LF57E5D,1.4616,-110.125
2015/1/30,LF57E5D,7.0943,-102.875
2015/1/30,L57E9F,6.0044,-112.3646
2015/1/30,L57253,7.4183,-116.9688
2015/1/30,L57F16,0.2615,-117.2396
2015/1/30,L5G172,0,0
2015/1/30,L57F16,0.3186,-117.2917
2015/1/30,L57253,2.6835,-115.3125
2015/1/30,L57EE2,1.4528,-117.1875
2015/1/30,L57253,10.0018,-106.9063
2015/1/30,L59B21,0,0
2015/1/30,L57EEA,4.0885,-117.0208
2015/1/30,L57F16,4.5724,-106.7083
2015/1/30,L57253,3.857,-116.8021
2015/1/30,L57EE2,2.5575,-113.0208
2015/1/30,L57251,1.3379,-117.4271
2015/1/30,L57F16,6.7276,-109.1354
2015/1/30,L5IC37,0.0048,-117.625
2015/1/30,L57EE2,3.7814,-117.1563
2015/1/30,L57F16,0.5383,-116.8854
2015/1/30,L57EE2,1.3436,-116.4792
2015/1/30,L57E9F,5.9516,-112.4167
2015/1/30,L57251,4.1023,-112.4375
2015/1/30,L5G275,0.0115,-118.0313
2015/1/30,L57251,1.824,-116.3229
2015/1/30,L57EEA,0.3463,-117.4896
2015/1/30,L57EE2,7.3779,-109.8958
2015/1/30,LF57E5D,1.0191,-114.4792
2015/1/30,L57EEA,1.6203,-115.125
2015/1/31,L5GED5,4.8085,-109.3021
2015/1/31,L5GED8,5.7089,-117.1979
2015/1/31,L5GED7,11.7907,-117.6042
2015/1/31,L5GE84,0.1927,-118.7292
2015/1/31,L5GEA7,0.3544,-118.375
2015/1/31,L5GE53,0.0058,-118.9792
2015/1/31,L5GEF3,5.9914,-117.3021
2015/1/31,L5GE33,0.0106,-118.8854
2015/1/31,L5GF06,4.9576,-117.8229
2015/1/31,L5GE47,1.6326,-118.5313
2015/1/31,L5G0F3,25.2247,-117.2396
2015/1/31,LE5G26B,14.8338,-117.3021
2015/1/31,L5GE48,2.8831,-118.0625
2015/1/31,L5GE45,0.2237,-118.1771
2015/1/31,L5GEC2,0.0126,-118.8333
2015/1/31,L5GF02,4.9989,-117.4688
2015/1/31,L5GE59,1.0157,-117.9583
2015/1/31,L5ID2F,0.5232,-116.0625
2015/1/31,L5GE57,0.2047,-118.9688
2015/1/31,L5GEB2,9.5858,-118.0938
2015/1/31,L5GEAE,8.2171,-117.6771
2015/1/31,L5GEFF,2.9592,-118.0521
2015/1/31,L5GEAF,0.0329,-117.9375
2015/1/31,L5GF02,2.7081,-117.6771
2015/1/31,L5GEAE,8.2629,-117.8229
2015/1/31,L5GEFD,4.7453,-118.0729
2015/1/31,L5GE56,1.4984,-118.1458
2015/1/31,L5GE5F,4.5132,-118.125
2015/1/31,L5GE5D,0.6999,-117.3958
2015/1/31,L5G24C,0.0674,-117.7292
2015/1/31,L5GF03,9.8799,-117.5938
2015/1/31,L5GE51,1.1719,-118
2015/1/31,L5GE44,1.0894,-118.375
2015/1/31,L5GEBF,1.2698,-113.9167
2015/1/31,L5GF05,13.4358,-117.9792
2015/1/31,L5G250,2.9145,-117.4063
2015/1/31,L5GEFC,0.0838,-117.8333
2015/1/31,L5GF00,5.7422,-117.9583
2015/1/31,L5GE2B,0.9966,-118.9375
2015/1/31,L57E45,1.2757,-109.6771
2015/1/31,L59DA5,4.8459,-94.9896
2015/1/31,L57EAC,2.1324,-116.4583
2015/1/31,L57E21,7.5531,-111.1458
2015/1/31,L57E11,1.8636,-109.0938
2015/1/31,L57257,2.8076,-117.25
2015/1/31,L57EAA,8.3933,-112.2083
2015/1/31,L57E75,0.2233,-113.5417
2015/1/31,L57EE8,1.0346,-113.5729
2015/1/31,L57EE1,1.4562,-117.4583
2015/1/31,L57EAA,2.0272,-117.1979
2015/1/31,L57EE1,0.1778,-109.4479
2015/1/31,L57EAA,2.4404,-115.9792
2015/1/31,L57E75,0.477,-114.0208
2015/1/31,L57EAA,8.7336,-114.4479
2015/1/31,L57EB6,0.2453,-117.3229
2015/1/31,L57EB6,4.5832,-110.4583
2015/1/31,L57EE0,2.4867,-116.4896
2015/1/31,L57252,9.5558,-116.5208
2015/1/31,L57EB6,0.3335,-107.8229
2015/1/31,L57252,12.9799,-112.5417
2015/1/31,L57EAC,5.6221,-110.9063
2015/1/31,L57EAA,0.9962,-117.3958
2015/1/31,L57EE0,6.2373,-111.6875
2015/1/31,L57E88,8.0741,-105.8021
2015/1/31,L57E58,1.8672,-116.7708
2015/1/31,L57EA0,0.9632,-117.1042
2015/1/31,L57257,5.8162,-117.1563
2015/1/31,L57EB6,2.5868,-115.8542
2015/1/31,L57257,5.9152,-103.6563
2015/1/31,L57E75,0.0372,-117.5313
2015/1/31,L57257,6.5963,-111.125
2015/1/31,L57EA0,5.4397,-117.0313
2015/1/31,L57252,1.8633,-110.6458
2015/1/31,L57257,1.3828,-108.1354
2015/1/31,L57E88,26.1494,-103.5938
2015/1/31,L57E88,6.7287,-115.9063
2015/1/31,L59DA5,1.6859,-98.1979
2015/1/31,L57E11,1.7152,-103.7083
2015/1/31,L57EE1,0.3276,-116.3438
2015/1/31,L57EAC,0.6128,-117.2604
2015/1/31,L57E21,0.9174,-114.875
2015/1/31,L57E83,3.2828,-116.8854
2015/1/31,L57EAC,10.8525,-107.1979
2015/1/31,L57E88,10.8585,-105
2015/1/31,L57EE1,5.8442,-103.4896
2015/1/31,L57EA0,0.2667,-117.1875
2015/1/31,L57EE1,1.895,-111.4063
2015/1/31,L57E75,0.4776,-116.6563
2015/1/31,L57EAA,2.3294,-113.6354
2015/1/31,L57252,1.0499,-116.75
2015/1/31,L59DA5,0.349,-117.5625
2015/1/31,L59DA5,0.6313,-93
2015/1/31,L59DA5,2.1588,-117.5729
2015/1/31,L57E88,3.1031,-114.3229
2015/1/31,L57E83,2.9656,-115.0521
2015/1/31,L57EAC,4.226,-116.2604
2015/1/31,L57EA0,1.549,-114.5104
2015/1/31,L57EE1,0.8366,-115.5
2015/1/31,L57E11,3.9544,-107.8854
2015/1/31,L57252,0.3639,-114.0521
2015/1/31,L57EE0,3.1068,-116.2917
2015/1/31,L57E75,0.2635,-116.8958
2015/1/31,L57E83,0.0345,-117.4479
2015/1/31,L57EE0,7.3592,-110.9896
2015/1/31,L57E83,1.687,-115.7396
2015/1/31,L57E21,1.6724,-109.2083
2015/1/31,L57EB6,0.5585,-106.8958
2015/1/31,L57EE0,4.1903,-115.8542
2015/1/31,L57EA0,0.713,-113.7604
2015/1/31,L57257,2.5542,-117.1771
2015/1/31,L57252,2.2211,-116.1875
2015/1/31,L57EA0,2.9421,-112.0729
2015/1/31,L57EE8,4.3201,-117.0104
2015/1/31,L57EE8,3.7924,-113.6771
2015/1/31,L57E88,3.5769,-115.8958
2015/1/31,L57E83,0.3759,-117
2015/1/31,L57EE0,3.0091,-112.0417
2015/1/31,L57EE8,3.2959,-114.1354
2015/1/31,L57EE8,1.1468,-116.5625
2015/1/31,L57EAC,3.5667,-109.0104
2015/1/31,L59DA5,0.6904,-116.6458
2015/1/31,L57E83,5.3982,-115.1563
2015/1/31,L57E75,0.5642,-115.9896
2015/1/31,L57EE8,0.4033,-117.3229
2015/1/31,L57EB6,6.5283,-115.3542
2015/1/31,L57EBB,4.8422,-116.3854
2015/1/31,L57E76,3.9885,-116.375
2015/1/31,L57E7A,3.2225,-117.3542
2015/1/31,L57EE6,3.2902,-96.4479
2015/1/31,L5G277,0.098,-118.3646
2015/1/31,L57F00,5.6438,-110.9792
2015/1/31,L57EBB,0.8608,-116.3125
2015/1/31,LF57E60,1.0113,-114.5521
2015/1/31,L57E76,2.7699,-116.875
2015/1/31,L5G274,0.4708,-117.75
2015/1/31,L57EE6,0.5275,-117.3646
2015/1/31,L57E76,4.9025,-116.6563
2015/1/31,L57E7A,2.1468,-116.4375
2015/1/31,L57E00,4.8774,-111.0104
2015/1/31,L57E18,3.0922,-109.4271
2015/1/31,L5GE04,0,0
2015/1/31,L57169,15.0394,-108.8854
2015/1/31,LF57E60,1.9972,-113.4896
2015/1/31,L57F00,12.8976,-108.0313
2015/1/31,LF57E60,4.4879,-116.2917
2015/1/31,L57EB8,0.0136,-102.5313
2015/1/31,L57169,2.4065,-116.7917
2015/1/31,L57E76,10.5745,-111.5833
2015/1/31,L57EC5,3.0784,-107.5833
2015/1/31,L57EBB,0.7343,-108.6667
2015/1/31,L5G0F3,0.0454,-117.0521
2015/1/31,L57EBB,1.7953,-117.1146
2015/1/31,L57EC5,3.3319,-115.5208
2015/1/31,L57F00,3.5188,-116.9792
2015/1/31,L57E00,9.7609,-114.1042
2015/1/31,L57F00,5.7287,-117.2708
2015/1/31,L57EC5,1.2004,-104.6146
2015/1/31,L57EE6,0.5234,-113.7083
2015/1/31,L57EC5,2.6141,-116.7083
2015/1/31,L5GDE4,0.0075,-117.9896
2015/1/31,L57169,6.2221,-116.4063
2015/1/31,L5GDD1,1.3465,-118.0521
2015/1/31,L5G2AA,0.1432,-118.5521
2015/1/31,L57169,6.9986,-105.5
2015/1/31,L5GDE0,0.1166,-118.3021
2015/1/31,LF57E60,1.0419,-116.5833
2015/1/31,L57EC5,1.5537,-116.4167
2015/1/31,L57EE6,3.322,-117.3542
2015/1/31,LF57E60,0.8551,-117.2917
2015/1/31,L57EB8,0.1012,-117.7396
2015/1/31,L57E88,3.3064,-115.7396
2015/1/31,L57169,7.8225,-116.2917
2015/1/31,L57EBB,1.4926,-108.2188
2015/1/31,L57EC5,0.2546,-106.3333
2015/1/31,L57E18,6.48,-113.0208
2015/1/31,L5GDD3,1.6219,-117.8958
2015/1/31,L57E76,2.7803,-107.7708
2015/1/31,L57E76,5.4944,-115.1771
2015/1/31,L57E18,12.1648,-100.6042
2015/1/31,L5G276,1.5167,-117.3229
2015/1/31,L5GDE4,0.0291,-118
2015/1/31,L57EB8,0.021,-117.9583
2015/1/31,L57E7A,1.063,-111.3333
2015/1/31,L57EB8,0.5235,-108.3958
2015/1/31,L57EE6,2.1196,-117.4583
2015/1/31,L57EBB,1.943,-108.3229
2015/1/31,L57EE6,1.7614,-112.0417
2015/1/31,LF57E60,0.45,-113.5938
2015/1/31,L57E7A,4.7144,-108.3542
2015/1/31,L57E7A,0.9203,-116.6563
2015/1/31,L57169,6.6572,-101.2188
2015/1/31,L5IC35,0.0495,-118
2015/1/31,L57E88,13.4852,-106.9479
2015/1/31,L57E7A,5.5103,-106.5313
2015/1/31,L57F00,8.3926,-109.6771
2015/1/31,L5GDF9,3.2306,-114
2015/1/31,L5GE07,0.524,-117.6667
2015/1/31,L57EB8,0.0325,-108.5938
2015/1/31,L5GDCF,5.3332,-118.2813
2015/1/31,L57F00,0.872,-117.1979
2015/1/31,L57E00,1.5215,-106.7708
2015/1/31,L57EB8,0.0266,-117.9896
2015/1/31,L5GEC2,0,-118
2015/1/31,L5GF04,10.1683,-117.6875
2015/1/31,L5GF07,0.0353,-117.0313
2015/1/31,L5GEF7,0.8034,-118.7188
2015/1/31,L5GEFA,0.2926,-118.1042
2015/1/31,L5GEF4,0.0482,-118.8021
2015/1/31,L5GEFE,11.1075,-118
2015/1/31,L5GDE1,0.1718,-118.9792
2015/1/31,L5GDEE,1.1885,-117.8542
2015/1/31,L5GF07,0.0002,-117.8646
2015/1/31,L5GED6,8.957,-117.7396
2015/1/31,L57E81,2.4274,-116.3854
2015/1/31,L57E81,3.5663,-117.1771
2015/1/31,L57EF0,3.5765,-115.1563
2015/1/31,L5GE52,1.1706,-117.9583
2015/1/31,L5GE46,1.4496,-118.6771
2015/1/31,L57EF0,6.4469,-112.4688
2015/1/31,L5GEAD,1.027,-117.5
2015/1/31,L57EF0,4.7475,-116.4792
2015/1/31,L59D95,8.0558,-114.9271
2015/1/31,L57EF0,7.5133,-114.4063
2015/1/31,L59D95,7.2048,-114.8854
2015/1/31,L5GE58,18.2208,-118
2015/1/31,L57E8A,2.4051,-115.0104
2015/1/31,L57E90,2.7225,-112.2604
2015/1/31,L5H605,3.293,-117.7083
2015/1/31,L59D95,0.7508,-116.7188
2015/1/31,L5GE32,0.0216,-118.8958
2015/1/31,L57EF0,6.9332,-117.2708
2015/1/31,L5G0BE,4.9461,-117.4688
2015/1/31,L57EF0,0.9942,-117.2396
2015/1/31,L57E90,11.5803,-110.6042
2015/1/31,L59D95,3.9272,-111.2917
2015/1/31,L57E8A,5.9074,-117.1771
2015/1/31,L57E81,0.8574,-116.3021
2015/1/31,L57E8A,1.0768,-117.2604
2015/1/31,L59D95,1.0685,-112.3646
2015/1/31,L5G25E,12.7605,-117.5625
2015/1/31,L5GEB0,0.9969,-118.0313
2015/1/31,L57E81,5.6965,-113.75
2015/1/31,L57E8A,4.3389,-111.3333
2015/1/31,L57E81,0.7798,-100.9583
2015/1/31,L57E8A,6.2185,-112.5313
2015/1/31,L57E8A,1.7315,-116.8646
2015/1/31,L57E81,8.7928,-110.375
2015/1/31,L59D95,1.6336,-112.6458
2015/1/31,L57E90,0.9421,-114.1979
2015/1/31,L57EF3,5.5749,-114.1979
2015/1/31,L57EFD,3.8586,-111.7396
2015/1/31,L57ECB,1.7396,-115.0833
2015/1/31,L57EAF,4.2314,-115.9271
2015/1/31,L57ED7,3.9689,-113.8021
2015/1/31,L57264,0.0118,-107.3333
2015/1/31,L57EC6,8.8038,-113.4167
2015/1/31,L57EF6,19.6117,-110.4167
2015/1/31,L57EF6,7.7027,-115.5104
2015/1/31,L57264,5.0042,-106
2015/1/31,L57ED7,10.5792,-109.125
2015/1/31,L57E87,2.8387,-116.7917
2015/1/31,L57E6F,2.7331,-103.7292
2015/1/31,L57EC6,2.0515,-110.1875
2015/1/31,LF57E5D,0.6763,-109.4375
2015/1/31,LF57E5D,6.4599,-114.6146
2015/1/31,L57EC6,4.3247,-113.7917
2015/1/31,L57EC6,2.1774,-117.3021
2015/1/31,L57264,0.3065,-117.3021
2015/1/31,L57E87,4.3072,-115.3021
2015/1/31,L57EF3,2.6507,-116.6771
2015/1/31,L57ECB,3.2555,-115.2396
2015/1/31,L57EF6,5.407,-116.0208
2015/1/31,L59E51,5.2986,-112.4167
2015/1/31,L57E6F,0.9883,-116
2015/1/31,L57E6F,1.0005,-117.5104
2015/1/31,L57EFD,1.811,-116.3333
2015/1/31,L57264,2.822,-110.4375
2015/1/31,L57E6F,2.3043,-88.5208
2015/1/31,L59E51,2.1498,-117.1458
2015/1/31,L57ED7,10.5356,-116.3021
2015/1/31,L57ED7,3.9742,-116.8958
2015/1/31,LF57E5D,1.0564,-114.1354
2015/1/31,L57EF3,1.2181,-116.0625
2015/1/31,L57E87,3.317,-113.3438
2015/1/31,L57EC6,1.7156,-117.0938
2015/1/31,L57EAF,1.5057,-111.4271
2015/1/31,L57ED7,3.8416,-116.4063
2015/1/31,L57264,2.8052,-116.4063
2015/1/31,L59E51,6.342,-109.3854
2015/1/31,L57EF3,1.1666,-116.9792
2015/1/31,L57EF6,5.8013,-113.0313
2015/1/31,L59E51,12.6398,-110.7813
2015/1/31,L57EC6,1.7623,-117.3125
2015/1/31,L57EF6,3.3732,-112.5208
2015/1/31,L57EFD,2.9501,-117.1146
2015/1/31,L57EF6,8.2036,-115.6042
2015/1/31,L57E87,0.9082,-117.3021
2015/1/31,L59E51,2.7101,-116.0833
2015/1/31,L57ECB,1.8231,-117.3646
2015/1/31,L57E87,2.272,-117.25
2015/1/31,L57EAF,5.3776,-113.1667
2015/1/31,LF57E5D,24.5521,-103.1875
2015/1/31,LF57E5D,0.6951,-114.6042
2015/1/31,L57EF3,0.8283,-114.4167
2015/1/31,L57EF3,9.532,-116.6979
2015/1/31,L57ED7,5.2598,-111.6563
2015/1/31,L57EFD,4.0623,-117.2917
2015/1/31,L57ECB,3.2966,-116.1771
2015/1/31,L57E6F,0.8931,-116.7188
2015/1/31,L57EAF,5.8583,-116.7396
2015/1/31,L59E51,3.9939,-116.3021
2015/1/31,L57EFD,0.9607,-111.4896
2015/1/31,L57E6F,5.5194,-103.7188
2015/1/31,L57264,1.3765,-116.5417
2015/1/31,L57ECB,0.8887,-115.0729
2015/1/31,L57EAF,0.3971,-117.5938
2015/1/31,L57ECB,0.7374,-116.8958
2015/1/31,L57EFD,6.3342,-108
2015/1/31,L57E87,4.3515,-113.6875
2015/1/31,LF57E5D,10.7793,-103.5521
2015/1/31,L57EAF,4.7749,-110.9792
2015/1/31,L5IC37,0.0046,-117.6875
2015/1/31,L5G275,3.412,-117.6771
2015/1/31,L59B21,0,0
2015/1/31,L57EEA,5.6785,-115.0625
2015/1/31,L57F16,12.9837,-108.4375
2015/1/31,L57251,2.5506,-117.3854
2015/1/31,L57EE2,3.0408,-111.9583
2015/1/31,L57E9F,5.6486,-112.5938
2015/1/31,L57F16,2.5991,-117.25
2015/1/31,L57253,5.4838,-116.4583
2015/1/31,L5G25E,0,-117.9896
2015/1/31,L57253,3.4118,-115.6667
2015/1/31,L57EE2,2.75,-113.0521
2015/1/31,L5G275,0.0147,-118.0521
2015/1/31,L57253,2.027,-116.0938
2015/1/31,L57251,3.686,-116.3021
2015/1/31,L57EEA,9.9234,-112.9583
2015/1/31,L57251,1.0519,-117.2083
2015/1/31,L57251,2.5211,-112.5104
2015/1/31,L5G172,0,0
2015/1/31,L57EE2,5.0192,-109.75
2015/1/31,L57EEA,1.2488,-117.4583
2015/1/31,L57EEA,4.024,-117
2015/1/31,L57EE2,1.1263,-117.0313
2015/1/31,L57EE2,3.0803,-116.875
2015/1/31,L57253,7.8425,-116.8438
2015/1/31,L59B21,0,0
2015/1/31,L57253,16.256,-109.4063
2015/1/31,L5H605,0,0
2015/1/31,L57EE2,1.566,-116.4271
2015/1/31,L57F16,0.45,-116.9375
2015/1/31,L57251,4.1847,-109.9688
2015/1/31,L59B21,0,0
2015/1/31,L57E9F,12.4344,-112.3958
2015/1/31,L57F16,4.655,-106.7917
2015/1/31,L57F16,0.3799,-117.4063
2015/1/31,L57F16,21.129,-108.6146
2015/1/31,L57EEA,9.8783,-113.125
2015/1/31,L57251,3.1222,-107.4479
2015/1/31,L57EEA,6.2931,-117.2083
2015/1/31,L57E9F,1.0453,-112.9792
2015/1/31,L57253,15.1704,-109.6458
2015/1/31,L5G28D,0.5275,-118.0104
2015/2/1,L5GED7,9.8683,-117.5521
2015/2/1,L5GED5,4.602,-109.4063
2015/2/1,L5GED8,4.3888,-117.2917
2015/2/1,L57E75,0.0552,-113.4583
2015/2/1,L5GEA7,0.1575,-118.4063
2015/2/1,L5GF03,5.0166,-117.6667
2015/2/1,L57E11,0.8407,-103.4896
2015/2/1,L5GEAF,0,-117.9688
2015/2/1,L5GE57,0.0851,-118.9479
2015/2/1,L57E75,0.3587,-116.6979
2015/2/1,L57E75,0.109,-117.3125
2015/2/1,L57E11,5.1113,-107.5521
2015/2/1,L5GE2B,0.0512,-76.8021
2015/2/1,L5GE5F,2.3617,-118.2188
2015/2/1,L5ID2F,2.3591,-116.1042
2015/2/1,L5GF02,4.2631,-117.6875
2015/2/1,L5GF06,4.1429,-117.9896
2015/2/1,L5GE47,2.6207,-118.9896
2015/2/1,L5G24C,0.0661,-117.8125
2015/2/1,L5GEB2,2.31,-118.0521
2015/2/1,L5GE33,0.0105,-118.9271
2015/2/1,L5GEAE,7.5292,-117.6979
2015/2/1,L5GF00,4.2339,-117.9479
2015/2/1,L5GE45,0.1141,-118.0313
2015/2/1,L5GE5D,0.6147,-117.3125
2015/2/1,L5GE84,0.0096,-118.8125
2015/2/1,L5GEC2,0.0855,-118.8542
2015/2/1,L5GE59,1.3579,-117.9479
2015/2/1,L57E11,1.0199,-109.5938
2015/2/1,L5GF05,4.1665,-118
2015/2/1,L5GEFF,1.3143,-118.25
2015/2/1,L57E75,0.0736,-115.9479
2015/2/1,L5GEBF,1.9263,-114.2188
2015/2/1,LE5G26B,9.6069,-117.3646
2015/2/1,L5GE48,1.3382,-118.0313
2015/2/1,L5GEAE,1.5864,-117.9375
2015/2/1,L5GE44,0.8083,-118.3125
2015/2/1,L5G250,1.7833,-117.6979
2015/2/1,L5GF02,2.6122,-117.8229
2015/2/1,L5G0F3,17.3638,-117.1771
2015/2/1,L5GE53,0.0002,-118.9896
2015/2/1,L57E58,1.1129,-116.9688
2015/2/1,L5GEFD,2.7731,-118.0729
2015/2/1,L5GEF3,4.1699,-117.1354
2015/2/1,L5GE56,0.2821,-118
2015/2/1,L57E75,0.3078,-114
2015/2/1,L5GE51,0.228,-117.9896
2015/2/1,L57E75,0.7209,-116.8854
2015/2/1,L5GEFC,0.0017,-117.875
2015/2/1,L57EB6,0.2493,-108.0625
2015/2/1,L57257,1.2998,-117.3438
2015/2/1,L57EAA,2.3456,-113.8854
2015/2/1,L57EB6,3.6741,-110.3021
2015/2/1,L57EAC,1.8419,-116.4583
2015/2/1,L57E83,1.4368,-115.9167
2015/2/1,L57EE0,1.8887,-116.6979
2015/2/1,L57257,4.5703,-111.1354
2015/2/1,L57E45,0.9486,-110.0417
2015/2/1,L57EE0,5.5036,-111.8229
2015/2/1,L57EA0,0.1111,-117.0833
2015/2/1,L57EE0,2.0346,-116.4271
2015/2/1,L57EE1,1.2843,-111.9063
2015/2/1,L59DA5,1.8256,-116.7604
2015/2/1,L57E83,0.195,-117.1979
2015/2/1,L57E88,2.4882,-106.2292
2015/2/1,L57EE8,0.6677,-116.4688
2015/2/1,L57252,4.8008,-116.4583
2015/2/1,L57EE0,7.6569,-110.9896
2015/2/1,L57257,4.2596,-117.2604
2015/2/1,L57EAC,11.3864,-107.4271
2015/2/1,L57EAC,2.3724,-116.3229
2015/2/1,L57257,5.8702,-102.9063
2015/2/1,L57EAC,0.5704,-117.3021
2015/2/1,LF57E60,1.3617,-117.3542
2015/2/1,L57E83,6.0903,-116.9583
2015/2/1,L57EE1,3.9137,-104.7292
2015/2/1,LF57E60,1.2273,-116.4792
2015/2/1,L57EA0,3.555,-112.2604
2015/2/1,L57E88,12.0124,-103.9063
2015/2/1,L57EA0,2.2365,-117.1563
2015/2/1,L57EE0,3.8989,-115.6667
2015/2/1,L57252,1.5625,-116.7083
2015/2/1,L57EAC,1.7394,-109.0208
2015/2/1,L57EAC,4.824,-111.1146
2015/2/1,L57E21,1.0674,-109.6979
2015/2/1,L57EE8,2.8498,-114.25
2015/2/1,L57EA0,0.5916,-114.5417
2015/2/1,L57E83,1.2721,-114.8125
2015/2/1,L57E21,1.0275,-114.8958
2015/2/1,L57EAA,6.6435,-114.7708
2015/2/1,L59DA5,0.2431,-98.4688
2015/2/1,LF57E60,3.5349,-116.3229
2015/2/1,L57EA0,0.2037,-113.3958
2015/2/1,L57EAA,0.6828,-117.3229
2015/2/1,L57EE1,0.7919,-116.375
2015/2/1,L59DA5,0.5893,-93.0208
2015/2/1,L57252,1.8984,-110.7083
2015/2/1,L57EE1,0.2617,-110.1667
2015/2/1,L57E88,1.9237,-114.1667
2015/2/1,L57EA0,0.873,-117.3646
2015/2/1,L57EE8,0.518,-117.1875
2015/2/1,L57EE8,0.7924,-113.9688
2015/2/1,L59DA5,0.8043,-94.8542
2015/2/1,L57257,0.9234,-107.5938
2015/2/1,L57252,0.2692,-114.0938
2015/2/1,L57EE1,0.7601,-115.5729
2015/2/1,L57E21,4.5338,-111.2396
2015/2/1,L57252,8.9025,-112.7813
2015/2/1,L57252,1.8425,-116.25
2015/2/1,L57EE8,4.5679,-114.9896
2015/2/1,L57E83,8.5189,-115.0417
2015/2/1,L57EB6,2.8084,-115.8021
2015/2/1,L57257,3.4394,-117.3438
2015/2/1,L57EE1,1.5089,-117.3021
2015/2/1,L57E88,3.2356,-115.5938
2015/2/1,L57EB6,0.9022,-107.2708
2015/2/1,L57EB6,5.8107,-115.3333
2015/2/1,LF57E60,0.8034,-113.5521
2015/2/1,L57EE8,2.034,-117
2015/2/1,L59DA5,0.274,-117.8333
2015/2/1,L59DA5,0.3781,-117.8646
2015/2/1,L57E88,10.3738,-105.0521
2015/2/1,L57E88,5.9765,-115.9583
2015/2/1,LF57E60,0.0893,-113.5313
2015/2/1,LF57E60,1.7164,-114.6042
2015/2/1,L57EAA,1.8685,-117.125
2015/2/1,L57EB6,0.3895,-117.2708
2015/2/1,L57EAA,2.3258,-116.0208
2015/2/1,L57EE0,3.3672,-112.1458
2015/2/1,L57EAA,5.7821,-113.1354
2015/2/1,L57E83,0.4773,-117.4271
2015/2/1,L5GE07,0.2341,-117.4583
2015/2/1,L57EBB,3.9242,-116.4063
2015/2/1,L57EB8,0.2182,-108.5417
2015/2/1,L57E7A,1.345,-111.1771
2015/2/1,L57E00,2.7799,-111.4792
2015/2/1,L57EE6,0.1655,-117.3229
2015/2/1,L57169,7.8042,-116.5
2015/2/1,L57E18,10.2548,-100.9583
2015/2/1,L57E7A,0.3636,-116.8125
2015/2/1,L5GDF9,2.7051,-114
2015/2/1,L57F00,6.2299,-109.6563
2015/2/1,L57E76,4.8619,-116.1979
2015/2/1,L5GDD3,1.9429,-117.8542
2015/2/1,L57EB8,0.0078,-102.3125
2015/2/1,L5G0F3,0.0249,-117.1146
2015/2/1,L57EBB,1.9483,-108.3229
2015/2/1,L57EC5,4.9477,-116.6563
2015/2/1,L57F00,0.4526,-117.2708
2015/2/1,L57E76,2.0262,-117.0625
2015/2/1,L57E7A,3.235,-106.1354
2015/2/1,L57E76,1.779,-116.9688
2015/2/1,L57EE6,0.5664,-117.5313
2015/2/1,L57E00,1.3199,-106.9896
2015/2/1,L5GE04,0,0
2015/2/1,L57EB8,0.0037,-108.3646
2015/2/1,L57EBB,0.6722,-108.6042
2015/2/1,L57E7A,2.0038,-117.3229
2015/2/1,L57EB8,0.0334,-117.9479
2015/2/1,L5GEC2,0,-117.9896
2015/2/1,L57E76,4.9664,-115.0938
2015/2/1,L57169,5.051,-101.7188
2015/2/1,L5GDCF,4.1914,-118.5104
2015/2/1,L57E00,5.2093,-114.0833
2015/2/1,L57EC5,3.6693,-115.3021
2015/2/1,L57E88,14.6902,-107
2015/2/1,L57F00,1.8658,-110.9271
2015/2/1,L57EE6,2.4883,-96.7396
2015/2/1,L57EC5,1.0611,-116.3646
2015/2/1,L57E18,6.2483,-113.1875
2015/2/1,L5GDE0,0.4184,-118.3229
2015/2/1,L57E18,2.7626,-108.4688
2015/2/1,L57E76,3.1359,-107.8333
2015/2/1,L57F00,3.9909,-117.3125
2015/2/1,L57EBB,0.6459,-116.3854
2015/2/1,L57E76,5.6535,-111.7917
2015/2/1,L5G2AA,0.0702,-118.3854
2015/2/1,L5G276,1.5843,-117.3646
2015/2/1,L57EE6,1.4065,-111.8646
2015/2/1,L5G277,0.0424,-118.4479
2015/2/1,L57EBB,0.8598,-117.1771
2015/2/1,L57EB8,0.0277,-118
2015/2/1,L57F00,8.4926,-108.1458
2015/2/1,L57E88,3.2504,-115.8333
2015/2/1,L57E7A,2.1514,-108.1354
2015/2/1,L57EC5,0.3619,-107.5833
2015/2/1,L5GDD1,0.0139,-118.0521
2015/2/1,L57EE6,0.86,-117.3646
2015/2/1,L5IC35,0.0656,-118
2015/2/1,L57169,6.7909,-116.2813
2015/2/1,L57EE6,0.3618,-113.8125
2015/2/1,L57EBB,0.6939,-108.0938
2015/2/1,L57EC5,0.5573,-106.2292
2015/2/1,L5G274,1.5732,-117.75
2015/2/1,L57EB8,0.0048,-117.9896
2015/2/1,L57169,7.405,-105.6042
2015/2/1,L57169,1.3377,-116.9479
2015/2/1,L57169,10.422,-109.2917
2015/2/1,L57E7A,1.1169,-116.4688
2015/2/1,L57EC5,1.0072,-102.5417
2015/2/1,L5GDE4,0.0063,-117.9896
2015/2/1,L5GDE4,0.0241,-118
2015/2/1,L57F00,3.4993,-117.1042
2015/2/1,L5GEF4,0.1144,-118.8958
2015/2/1,L5GEFA,0.5426,-118.0417
2015/2/1,L5GF04,4.9254,-117.6667
2015/2/1,L5GEFE,5.0959,-117.9063
2015/2/1,L5GF07,0.0064,-117.1875
2015/2/1,L5GEF7,0.3361,-118.7917
2015/2/1,L5GDEE,0.6448,-117.8958
2015/2/1,L5GF07,0.0002,-117.9792
2015/2/1,L5GDE1,0.0049,-118.8958
2015/2/1,L5GED6,6.4211,-117.7917
2015/2/1,L5H605,1.2462,-117.75
2015/2/1,L57E8A,5.7493,-112.9063
2015/2/1,L57E8A,4.3146,-111.7813
2015/2/1,L5GEB0,0.6698,-118.1458
2015/2/1,L57E8A,0.9365,-116.7604
2015/2/1,L57E8A,2.5584,-115.1667
2015/2/1,L5GEAD,1.3416,-117.5938
2015/2/1,L5GE58,36.0778,-118
2015/2/1,L5G25E,8.9908,-117.5729
2015/2/1,L57E8A,0.7033,-117.25
2015/2/1,L5GE52,1.2119,-117.9688
2015/2/1,L5G0BE,5.6722,-117.4167
2015/2/1,L57E8A,4.4443,-117.1979
2015/2/1,L5GE32,0.3446,-118.9583
2015/2/1,L5GE46,0.2439,-118.6979
2015/2/1,L57EFD,0.855,-111.9271
2015/2/1,L59D95,1.8195,-112.9271
2015/2/1,L57ECB,1.5473,-115.1458
2015/2/1,L59D95,1.42,-116.8125
2015/2/1,L57EC6,2.3712,-114.2604
2015/2/1,L57264,0.4865,-117.3646
2015/2/1,L57ED7,2.4674,-116.9583
2015/2/1,L57EF6,8.1361,-110.2604
2015/2/1,L59E51,3.2751,-116.2708
2015/2/1,L57EF0,2.2772,-116.6771
2015/2/1,L57EAF,0.7697,-111.7188
2015/2/1,L57EF6,3.6505,-112.4479
2015/2/1,L57EF3,0.5454,-114.2917
2015/2/1,L57E90,0.9491,-114.4583
2015/2/1,L59E51,5.8121,-109.6354
2015/2/1,L57EF6,5.3794,-115.6875
2015/2/1,L57ECB,0.859,-117.0417
2015/2/1,L59E51,2.4125,-117.1667
2015/2/1,L59E51,5.6829,-112.5938
2015/2/1,L57EC6,3.2911,-110.3646
2015/2/1,L57E90,4.0671,-112.4583
2015/2/1,L57EC6,2.1446,-117.3542
2015/2/1,L59D95,3.9833,-111.2083
2015/2/1,L57ED7,2.706,-116.5313
2015/2/1,L57EFD,1.3278,-117.3646
2015/2/1,L57ECB,2.1045,-116.375
2015/2/1,L57E81,1.7021,-116.4271
2015/2/1,L57E6F,0.8178,-117.4271
2015/2/1,L57EF0,3.8899,-115.0521
2015/2/1,L57EFD,2.3562,-111.9792
2015/2/1,L57EFD,2.3278,-116.3854
2015/2/1,L57ED7,3.2039,-113.75
2015/2/1,L57ECB,1.6201,-117.4271
2015/2/1,L57E87,2.7291,-113.5
2015/2/1,L57264,0.6159,-116.3958
2015/2/1,L59D95,1.2429,-112.3646
2015/2/1,L57EF0,0.8537,-117.2604
2015/2/1,L57ED7,11.4507,-109.3125
2015/2/1,L57E87,2.8527,-116.8542
2015/2/1,L57ECB,1.3002,-115.1042
2015/2/1,L57E87,0.7264,-117.3229
2015/2/1,L57EF3,6.0862,-116.6667
2015/2/1,L57EAF,0.5264,-117.6563
2015/2/1,L57264,1.5744,-110.4271
2015/2/1,L57EC6,2.1762,-117.0313
2015/2/1,L57E87,2.7482,-113.5938
2015/2/1,L57EAF,3.308,-113.3333
2015/2/1,L57E6F,1.3791,-116.7604
2015/2/1,L57EF3,2.3846,-117
2015/2/1,L57EF3,0.6114,-115.9896
2015/2/1,L57EAF,2.6003,-116.0833
2015/2/1,L57E6F,3.5908,-102.8958
2015/2/1,L57EF3,1.7233,-116.5938
2015/2/1,L57E6F,0.6647,-115.9063
2015/2/1,L57EC6,5.7719,-113.6771
2015/2/1,L57264,3.9101,-106.4167
2015/2/1,L57EAF,5.1074,-116.8646
2015/2/1,L57E81,0.4485,-116.2813
2015/2/1,L57E87,2.2239,-115.4063
2015/2/1,L57EFD,2.0722,-117.1979
2015/2/1,L57ED7,6.737,-116.3438
2015/2/1,L59D95,5.2876,-114.9792
2015/2/1,L57EAF,2.9132,-111.2292
2015/2/1,L57EF0,3.1218,-117.25
2015/2/1,L57ED7,3.9209,-112.4583
2015/2/1,L57264,0.0695,-107.5521
2015/2/1,L57EF3,4.8016,-114.2604
2015/2/1,L57E90,4.9242,-111
2015/2/1,L57EF0,2.8294,-112.8542
2015/2/1,L59E51,1.9185,-116.1667
2015/2/1,L57E81,5.9387,-110.3854
2015/2/1,L57E81,1.6769,-101.2396
2015/2/1,L57EC6,1.0075,-117.3229
2015/2/1,L57EF6,5.1936,-113.1458
2015/2/1,L57E81,6.6528,-113.9063
2015/2/1,L57EF6,2.9983,-116.1042
2015/2/1,L57E87,0.8554,-117.3021
2015/2/1,L57264,1.4678,-116.5833
2015/2/1,L57EFD,1.7336,-108.1042
2015/2/1,L57E6F,5.1888,-103
2015/2/1,L57EF0,4.4812,-114.6146
2015/2/1,L57E81,1.64,-117.1458
2015/2/1,L57EF6,6.4604,-115.7292
2015/2/1,L57ECB,1.1689,-115.1563
2015/2/1,L57E6F,2.2313,-88.4167
2015/2/1,L59D95,4.3003,-115.1458
2015/2/1,L59E51,3.9444,-110.8958
2015/2/1,L57253,16.8138,-110.7917
2015/2/1,L57251,0.7585,-117
2015/2/1,LF57E5D,0.7775,-114.3125
2015/2/1,LF57E5D,1.3703,-109.7917
2015/2/1,LF57E5D,1.0697,-114.5104
2015/2/1,L57EE2,1.935,-116.6875
2015/2/1,L57EE2,3.9013,-110.1458
2015/2/1,L57E9F,0.7446,-113.1771
2015/2/1,L57253,3.7242,-116.6354
2015/2/1,L57EEA,6.9862,-113.1354
2015/2/1,L5H605,0,0
2015/2/1,L57F16,3.641,-106.6875
2015/2/1,L5G28D,0.7673,-118.0104
2015/2/1,L5IC37,0.0058,-117.5729
2015/2/1,LF57E5D,12.4064,-103.2396
2015/2/1,L57F16,0.4612,-117.2917
2015/2/1,L57F16,0.6413,-117.2396
2015/2/1,L57EEA,2.134,-117
2015/2/1,LF57E5D,7.4405,-106.1979
2015/2/1,L59B21,0,0
2015/2/1,L57E9F,7.4051,-112.3542
2015/2/1,L5G275,3.0833,-117.7083
2015/2/1,L57EEA,1.4618,-117.5729
2015/2/1,L57251,1.788,-117.3958
2015/2/1,LF57E5D,5.7519,-114.6354
2015/2/1,L57EEA,8.9496,-113.1354
2015/2/1,L57EE2,1.9122,-116.4479
2015/2/1,L57253,4.0637,-116.9896
2015/2/1,L5G25E,0,-117.9896
2015/2/1,L5G275,0.0086,-118.0833
2015/2/1,L57EE2,1.6548,-113.2396
2015/2/1,L57251,1.2686,-116.3542
2015/2/1,L57EE2,1.9781,-112.4375
2015/2/1,L59B21,0,0
2015/2/1,L57F16,1.7245,-116.9688
2015/2/1,L57EEA,4.9547,-114.6771
2015/2/1,L57EEA,3.6107,-117.2604
2015/2/1,L57251,2.3287,-107.8958
2015/2/1,L57253,8.2514,-110.2917
2015/2/1,L57E9F,5.2809,-112.5625
2015/2/1,L59B21,0,0
2015/2/1,L57253,1.7651,-115.6979
2015/2/1,L57251,1.4116,-110.0104
2015/2/1,L5G172,0,0
2015/2/1,L57F16,12.948,-108.2292
2015/2/1,L57F16,8.0736,-109.1458
2015/2/1,L57253,1.391,-116.0313
2015/2/1,L57251,1.9363,-112.4792
2015/2/1,L57EE2,1.0558,-116.9688
